Gestor de red;Provincia;Municipio;Coordenada UTM X [1];Coordenada UTM Y [1];Subestación;Nivel de tensión (kV);Capacidad firme disponible (MW) [2];Capacidad comprometida por cuestiones regulatorias;Capacidad de acceso firme de demanda ocupada (MW) [3];Capacidad firme admitida y no evaluada (MW) [4];Posiciones ocupadas;Posiciones libres;Nudo 0*;Comentarios;Nombre Subestación;Matrícula Sub.;Nudo Afección RdT
R1-002;A Coruña;A Coruña;62446,17;4813073,95;2920200082;15;10,98;0;66,69;0;;;0;;EIRIS;EIR;EIRIS 220
R1-002;A Coruña;A Coruña;62270,7;4815730,82;PUR;15;0;0;93,39;0;;;0;;EL PUERTO;EPU;PUERTO 220
R1-002;A Coruña;A Coruña;59908,54;4813203,12;GRE;15;3,24;0;173,58;2,84;;;0;;LA GRELA 2;GRN;GRELA 220
R1-002;A Coruña;A Coruña;59618,82;4816233,16;2920200081;15;0;0;68,39;0;;;0;;SAN PEDRO DE VISMA;SPV;SABÓN 220
R1-002;A Coruña;A Coruña;59618,82;4816233,16;2920200081;66;0;0;0;0;;;0;;SAN PEDRO DE VISMA;SPV;SABÓN 220
R1-002;A Coruña;A Laracha;47049,94;4803791,01;2920200090;15;0;0;23,12;0;;;0;;LARACHA;LAR;SABÓN 220
R1-002;A Coruña;A Laracha;47049,94;4803791,01;2920200090;20;0;0;12,23;0;;;0;;LARACHA;LAR;SABÓN 220
R1-002;A Coruña;A Laracha;47049,94;4803791,01;2920200090;66;0;0;0;0;;;0;;LARACHA;LAR;SABÓN 220
R1-002;A Coruña;Arteixo;54888,92;4808686,85;2920420308;15;0;0;25,56;0;;;0;;MORAS;MOR;SABÓN 220
R1-002;A Coruña;Arteixo;54888,92;4808686,85;2920420308;66;0;0;0;0;;;0;;MORAS;MOR;SABÓN 220
R1-002;A Coruña;Arteixo;53998,65;4811999,49;SBO;15;0;0;35,43;0,28;;;0;;SABON;SBN;SABÓN 220
R1-002;A Coruña;Arteixo;53998,65;4811999,49;SBO;66;0;0;7;0;;;0;;SABON;SBN;SABÓN 220
R1-002;A Coruña;Arteixo;53998,65;4811999,49;SBO;132;0;0;13,72;0;;;0;;SABON;SBN;SABÓN 220
R1-002;A Coruña;As Pontes de García Rodríguez;107113,25;4820443,59;2920200070;20;0;0;26,3;0;;;0;;MOURELA;MOL;PUENTES GARCIA RODRIGUEZ 400
R1-002;A Coruña;As Pontes de García Rodríguez;107113,25;4820443,59;2920200070;132;0;0;0;0;;;0;;MOURELA;MOL;PUENTES GARCIA RODRIGUEZ 400
R1-002;A Coruña;As Somozas;102251,64;4832385,96;2920420095;20;0;0;6,81;0;;;0;;SOMOZAS;SOM;PUENTES GARCIA RODRIGUEZ 400
R1-002;A Coruña;As Somozas;102251,64;4832385,96;2920420095;132;0;0;0;0;;;0;;SOMOZAS;SOM;PUENTES GARCIA RODRIGUEZ 400
R1-002;A Coruña;Bergondo;74788,15;4805241,95;2920200091;15;0;0;59,02;10;;;0;;BERGONDO;BEG;SABÓN 220
R1-002;A Coruña;Bergondo;74788,15;4805241,95;2920200091;66;0;0;0;0;;;0;;BERGONDO;BEG;SABÓN 220
R1-002;A Coruña;Bergondo;77454,41;4810105,85;2920200077;15;0;0;35,67;0;;;0;;PEDRIDO;PED;PUENTES GARCIA RODRIGUEZ 400
R1-002;A Coruña;Bergondo;77454,41;4810105,85;2920200077;66;0;0;0;0;;;0;;PEDRIDO;PED;PUENTES GARCIA RODRIGUEZ 400
R1-002;A Coruña;Bergondo;77454,41;4810105,85;2920200077;132;0;0;0;0;;;0;;PEDRIDO;PED;PUENTES GARCIA RODRIGUEZ 400
R1-002;A Coruña;Boiro;18836,91;4740875,89;2920200085;20;0;0;69,53;0,5;;;0;;BOIRO;BOI;TAMBRE II 220
R1-002;A Coruña;Boiro;18836,91;4740875,89;2920200085;66;0,4;0;0;0;;;0;;BOIRO;BOI;TAMBRE II 220
R1-002;A Coruña;Cabana de Bergantiños;21859,03;4801568,01;2920200093;20;0;0;13,97;0;;;0;;CABANA;CBA;VIMIANZO 220
R1-002;A Coruña;Cabana de Bergantiños;21859,03;4801568,01;2920200093;66;5,52;0;13,15;0;;;0;;CABANA;CBA;VIMIANZO 220
R1-002;A Coruña;Cabana de Bergantiños;18298,4;4796303,24;2920420309;66;14,45;0;0;0;;;0;;CATASOL;CSO;VIMIANZO 220
R1-002;A Coruña;Cabanas;81923,46;4822617,13;2920200098;15;0;0;28,37;0;;;0;;VILAR DO COLO;VDC;PUENTES GARCIA RODRIGUEZ 400
R1-002;A Coruña;Cabanas;81923,46;4822617,13;2920200098;132;0;0;0;0;;;0;;VILAR DO COLO;VDC;PUENTES GARCIA RODRIGUEZ 400
R1-002;A Coruña;Camariñas;-1965,15;4796659,53;2920420123;20;0;0;12,36;0;;;0;;DO VILAN;DVL;VIMIANZO 220
R1-002;A Coruña;Camariñas;-1965,15;4796659,53;2920420123;66;15,84;0;0;0;;;0;;DO VILAN;DVL;VIMIANZO 220
R1-002;A Coruña;Carballo;38605,21;4802325,91;2920420268;15;0;0;28,46;2,66;;;0;;BERTOA;BRT;SABÓN 220
R1-002;A Coruña;Carballo;38605,21;4802325,91;2920420268;66;0;0;7,3;0;;;0;;BERTOA;BRT;SABÓN 220
R1-002;A Coruña;Carballo;38115;4799304,67;2920200072;15;0;0;36,62;0;;;0;;CARBALLO;CBL;SABÓN 220
R1-002;A Coruña;Carballo;38115;4799304,67;2920200072;66;0;0;0,44;0;;;0;;CARBALLO;CBL;SABÓN 220
R1-002;A Coruña;Carral;64450,81;4799780,73;2920420256;15;0;0;10,44;3,95;;;0;;CARRAL;RAL;SABÓN 220
R1-002;A Coruña;Carral;64450,81;4799780,73;2920420256;66;0;0;0;0;;;0;;CARRAL;RAL;SABÓN 220
R1-002;A Coruña;Carral;64601,91;4793422,36;MDV;66;0;0;0;0,25;;;0;;MESON DO VENTO;MES;MESON DO VENTO 220
R1-002;A Coruña;Cedeira;93621,57;4844026,2;2920200097;20;0;0;27,46;0;;;0;;CEDEIRA;CDR;PUENTES GARCIA RODRIGUEZ 400
R1-002;A Coruña;Cedeira;93621,57;4844026,2;2920200097;132;0;0;0;0;;;0;;CEDEIRA;CDR;PUENTES GARCIA RODRIGUEZ 400
R1-002;A Coruña;Cee;-3419,41;4773455,33;2920200083;20;0;0;38,72;0;;;0;;PONTELLA;POT;VIMIANZO 220
R1-002;A Coruña;Cee;-3419,41;4773455,33;2920200083;66;11,98;0;0;0;;;0;;PONTELLA;POT;VIMIANZO 220
R1-002;A Coruña;Cerceda;60245,46;4793821,82;MEI;20;0;0;65,91;0;;;0;;MEIRAMA;MEI;MEIRAMA 220
R1-002;A Coruña;Curtis;91492,38;4789890,65;SDG;15;0;0;31,7;0;;;0;;SIDEGASA-TEIXEIRO;SDG;MESON DO VENTO 220
R1-002;A Coruña;Curtis;91492,38;4789890,65;SDG;66;0;0;25;0;;;0;;SIDEGASA-TEIXEIRO;SDG;SIDEGASA 220
R1-002;A Coruña;Fene;81491,95;4826586,83;2920320001;15;0;0;9,49;0;;;0;;ASTANO;ASN;PUENTES GARCIA RODRIGUEZ 400
R1-002;A Coruña;Fene;81491,95;4826586,83;2920320001;132;0;0;0;0;;;0;;ASTANO;ASN;PUENTES GARCIA RODRIGUEZ 400
R1-002;A Coruña;Ferrol;69577,45;4826592,57;2920420196;15;0;0;22,72;0;;;0;;PUERTO EXTERIOR FERROL;PEX;PUENTES GARCIA RODRIGUEZ 400
R1-002;A Coruña;Ferrol;69577,45;4826592,57;2920420196;132;0;0;0;0;;;0;;PUERTO EXTERIOR FERROL;PEX;PUENTES GARCIA RODRIGUEZ 400
R1-002;A Coruña;Ferrol;77423,46;4829002,85;2920200069;15;0;0;51,56;0,95;;;0;;SANTA MARINA;SMR;PUENTES GARCIA RODRIGUEZ 400
R1-002;A Coruña;Ferrol;77423,46;4829002,85;2920200069;132;0;0;0;0;;;0;;SANTA MARINA;SMR;PUENTES GARCIA RODRIGUEZ 400
R1-002;A Coruña;Mazaricos;7594,58;4766465,02;MCO;66;12,08;0;0;5;;;0;;MAZARICOS;MZR;MAZARICOS 220
R1-002;A Coruña;Melide;88983,24;4763359,33;2920200092;15;0;0;13,85;0;;;0;;MELIDE;MEL;PORTODEMOUROS 220
R1-002;A Coruña;Melide;88983,24;4763359,33;2920200092;66;0,29;0;0;0;;;0;;MELIDE;MEL;PORTODEMOUROS 220
R1-002;A Coruña;Monfero;91540,07;4818243,61;2920200068;15;0;0;5,49;0;;;0;;EUME;EUM;PUENTES GARCIA RODRIGUEZ 400
R1-002;A Coruña;Monfero;91540,07;4818243,61;2920200068;132;0;0;0;0;;;0;;EUME;EUM;PUENTES GARCIA RODRIGUEZ 400
R1-002;A Coruña;Muros;3106,44;4754864,57;2920420240;20;0,89;0;8,52;0;;;0;;MUROS;MUO;TAMBRE II 220
R1-002;A Coruña;Muros;3106,44;4754864,57;2920420240;66;3,65;0;0;0;;;0;;MUROS;MUO;TAMBRE II 220
R1-002;A Coruña;Muxía;-7666,03;4785975,29;2920420299;66;14,95;0;0,43;0;;;0;;MUXIA;MUX;VIMIANZO 220
R1-002;A Coruña;Narón;82108,71;4830341,67;2920200079;15;0;0;45,47;0;;;0;;CORNIDO;CRN;PUENTES GARCIA RODRIGUEZ 400
R1-002;A Coruña;Narón;82108,71;4830341,67;2920200079;132;0;0;0;0;;;0;;CORNIDO;CRN;PUENTES GARCIA RODRIGUEZ 400
R1-002;A Coruña;Narón;82662,83;4830785,66;2920420004;132;0;0;107,87;0;;;0;;MEGASA;MEG;PUENTES GARCIA RODRIGUEZ 400
R1-002;A Coruña;Narón;79226,42;4834049,31;2920420259;15;0;0;30,77;0;;;0;;RIO DO POZO;RDP;PUENTES GARCIA RODRIGUEZ 400
R1-002;A Coruña;Narón;79226,42;4834049,31;2920420259;132;0;0;0;0;;;0;;RIO DO POZO;RDP;PUENTES GARCIA RODRIGUEZ 400
R1-002;A Coruña;Negreira;31789,02;4767456,11;2920200107;20;0;0;24,49;0;;;0;;NEGREIRA;NEG;TAMBRE II 220
R1-002;A Coruña;Negreira;31789,02;4767456,11;2920200107;66;0,26;0;15;0;;;0;;NEGREIRA;NEG;TAMBRE II 220
R1-002;A Coruña;Noia;22197,98;4758818,53;TAM;20;0;0;19,27;0;;;0;;TAMBRE II;TA2;TAMBRE II 220
R1-002;A Coruña;Noia;22197,98;4758818,53;TAM;66;2,56;0;0;0;;;0;;TAMBRE II;TA2;TAMBRE II 220
R1-002;A Coruña;Oleiros;66227,58;4809101,1;2920200080;15;0;0;107,66;0;;;0;;SAN MARCOS;SMC;SABÓN 220
R1-002;A Coruña;Oleiros;66227,58;4809101,1;2920200080;132;0;0;0;0;;;0;;SAN MARCOS;SMC;SABÓN 220
R1-002;A Coruña;Oroso;56007,3;4773167,28;2920420190;20;0;0;23,59;0;;;0;;SIGÜEIRO;SIG;MESON DO VENTO 220
R1-002;A Coruña;Oroso;56007,3;4773167,28;2920420190;66;0;0;0;0;;;0;;SIGÜEIRO;SIG;MESON DO VENTO 220
R1-002;A Coruña;Ortigueira;105606,5;4846278,52;2920200084;20;0;0;13,29;0;;;0;;MERA;MEA;PUENTES GARCIA RODRIGUEZ 400
R1-002;A Coruña;Ortigueira;105606,5;4846278,52;2920200084;132;0;0;0;0;;;0;;MERA;MEA;PUENTES GARCIA RODRIGUEZ 400
R1-002;A Coruña;Oza-Cesuras;80663,02;4788879,42;2920200094;15;0;0;14,01;0;;;0;;CESURAS;CES;MESON DO VENTO 220
R1-002;A Coruña;Oza-Cesuras;80663,02;4788879,42;2920200094;66;0;0;0,23;0;;;0;;CESURAS;CES;MESON DO VENTO 220
R1-002;A Coruña;Padrón;36889,47;4747667,8;2920200074;20;0;0;42,68;1;;;0;;PADRON;PAD;TAMBRE II 220
R1-002;A Coruña;Padrón;36889,47;4747667,8;2920200074;66;2,71;0;7;0;;;0;;PADRON;PAD;TAMBRE II 220
R1-002;A Coruña;Porto do Son;9871,76;4747838,18;2920200095;20;0;0;9,49;0;;;0;;PORTO DO SON;PDS;TAMBRE II 220
R1-002;A Coruña;Porto do Son;9871,76;4747838,18;2920200095;66;0,35;0;0;0;;;0;;PORTO DO SON;PDS;TAMBRE II 220
R1-002;A Coruña;Ribeira;9922,41;4731023,64;2920200075;20;0;0;57,8;4,3;;;0;;PALMEIRA;PMR;TAMBRE II 220
R1-002;A Coruña;Ribeira;9922,41;4731023,64;2920200075;66;0,53;0;0;0;;;0;;PALMEIRA;PMR;TAMBRE II 220
R1-002;A Coruña;Rois;30644,18;4753221,28;2920420059;66;0,67;0;0;0;;;0;;ROIS;ROI;TAMBRE II 220
R1-002;A Coruña;Sada;69771,68;4813480,06;2920200109;15;0;0;51,84;0;;;0;;SADA;SAD;SABÓN 220
R1-002;A Coruña;Sada;69771,68;4813480,06;2920200109;132;0;0;0;0;;;0;;SADA;SAD;SABÓN 220
R1-002;A Coruña;San Sadurniño;92406,15;4825857,39;2920420056;132;0;0;0,23;0;;;0;;P.E. FORGOSELO;FOR;PUENTES GARCIA RODRIGUEZ 400
R1-002;A Coruña;Santa Comba;30018,09;4787791;2920420062;66;0,14;0;10;0;;;0;;BOAÑA;BOA;VIMIANZO 220
R1-002;A Coruña;Santa Comba;28012,88;4780060,75;2920420271;66;0,2;0;0;0;;;0;;SANTA COMBA;COM;TAMBRE II 220
R1-002;A Coruña;Santiago de Compostela;51474,8;4765986,44;2920420341;20;0;0;39,2;0;;;0;;FORMARIS;FOI;SANTIAGO DE COMPOSTELA 220
R1-002;A Coruña;Santiago de Compostela;51474,8;4765986,44;2920420341;66;0,57;0;0;0;;;0;;FORMARIS;FOI;SANTIAGO DE COMPOSTELA 220
R1-002;A Coruña;Santiago de Compostela;48264,24;4763639,06;CAY;20;0,55;0;103,3;0,22;;;0;;SAN CAYETANO;SCY;SAN CAYETANO 220
R1-002;A Coruña;Santiago de Compostela;44195,11;4759808,16;SCM;20;0;0;125,86;7,37;;;0;;SANTIAGO;SNT;SANTIAGO DE COMPOSTELA 220
R1-002;A Coruña;Santiago de Compostela;44195,11;4759808,16;SCM;66;0,59;0;0;0;;;0;;SANTIAGO;SNT;SANTIAGO DE COMPOSTELA 220
R1-002;A Coruña;Vimianzo;7757,9;4789836,79;VIM;20;0;0;40,02;0;;;0;;VIMIANZO;VIM;VIMIANZO 220
R1-002;A Coruña;Vimianzo;7757,9;4789836,79;VIM;66;16,09;0;0;0;;;0;;VIMIANZO;VIM;VIMIANZO 220
R1-002;Asturias;Tineo;224554,66;4798844,38;NRC;132;0;0;0;0;;;0;;C.T. NARCEA;NAR;NARCEA 400
R1-002;Ávila;El Tiemblo;370636,45;4476221,14;3020410021;132;0;0;0;0;;;0;;C.H.BURGUILLO;BLL;VILLAVICIOSA 400
R1-002;Ávila;El Tiemblo;377683,89;4474588,5;3020410015;132;0;0;0;0;;;0;;C.H.PUENTENUEVO;PTN;VILLAVICIOSA 400
R1-002;Barcelona;El Prat de Llobregat;929574,31;4586213,19;ZAL;25;0;0;85;86,28;;;0;;ZAL;ZAL;ZAL 220
R1-002;Ciudad Real;Abenójar;382415,04;4305410,43;3020100062;15;0;0;2,88;0;;;0;;ABENOJAR;ABE;ALARCOS 220
R1-002;Ciudad Real;Abenójar;382415,04;4305410,43;3020100062;45;0,87;0;14;0;;;0;;ABENOJAR;ABE;ALARCOS 220
R1-002;Ciudad Real;Abenójar;382415,04;4305410,43;3020100062;132;0;0;0;0;;;0;;ABENOJAR;ABE;ALARCOS 220
R1-002;Ciudad Real;Alcázar de San Juan;481466,92;4358914,54;3020100063;15;0;0;33,99;6,1;;;0;;ALCAZAR 1;AZ1;MADRIDEJOS 220
R1-002;Ciudad Real;Alcázar de San Juan;481466,92;4358914,54;3020100063;45;0;0;0;0;;;0;;ALCAZAR 1;AZ1;MADRIDEJOS 220
R1-002;Ciudad Real;Alcázar de San Juan;481466,92;4358914,54;3020100063;132;0;0;0;18;;;0;;ALCAZAR 1;AZ1;MADRIDEJOS 220
R1-002;Ciudad Real;Alcázar de San Juan;480314,47;4362478,24;3020100064;15;0;0;24,44;0;;;0;;ALCAZAR 2;AZ2;MADRIDEJOS 220
R1-002;Ciudad Real;Alcázar de San Juan;480314,47;4362478,24;3020100064;45;0;0;0;0;;;0;;ALCAZAR 2;AZ2;MADRIDEJOS 220
R1-002;Ciudad Real;Alcázar de San Juan;479968,34;4336431,05;3020100074;15;0;0;12,18;0;;;0;;CINCO CASAS;CCS;LA PALOMA 220
R1-002;Ciudad Real;Alcázar de San Juan;479968,34;4336431,05;3020100074;45;0;0;0;0;;;0;;CINCO CASAS;CCS;LA PALOMA 220
R1-002;Ciudad Real;Alcázar de San Juan;479968,34;4336431,05;3020100074;132;0;0;0;0;;;0;;CINCO CASAS;CCS;LA PALOMA 220
R1-002;Ciudad Real;Alcázar de San Juan;468877,11;4349713,93;3020310008;15;0;0;4,03;0;;;0;;MARAÑON;MAR;MADRIDEJOS 220
R1-002;Ciudad Real;Alcázar de San Juan;468877,11;4349713,93;3020310008;45;0;0;0;0;;;0;;MARAÑON;MAR;MADRIDEJOS 220
R1-002;Ciudad Real;Alhambra;486234,29;4301070,12;3020100078;15;0;0;1,93;0;;;0;;EL CUBO;CUB;LA PALOMA 220
R1-002;Ciudad Real;Alhambra;486234,29;4301070,12;3020100078;45;0;0;0;0;;;0;;EL CUBO;CUB;LA PALOMA 220
R1-002;Ciudad Real;Alhambra;485281,29;4302733,24;3020410260;45;0;0;0;0;;;0;;P.E. ALHAMBRA;ALH;LA PALOMA 220
R1-002;Ciudad Real;Alhambra;485281,29;4302733,24;3020410260;132;0;0;0;0;;;0;;P.E. ALHAMBRA;ALH;LA PALOMA 220
R1-002;Ciudad Real;Almadén;340273,29;4292899,71;3020100065;15;0;0;13,36;0;;;0;;ALMADEN;ALD;ALARCOS 220
R1-002;Ciudad Real;Almadén;340273,29;4292899,71;3020100065;45;0;0;0;0;;;0;;ALMADEN;ALD;ALARCOS 220
R1-002;Ciudad Real;Almagro;437484,45;4304931,28;3020100066;15;0;0;25,61;1,24;;;0;;ALMAGRO;ALG;ALARCOS 220
R1-002;Ciudad Real;Almagro;437484,45;4304931,28;3020100066;45;0;0;0;0;;;0;;ALMAGRO;ALG;ALARCOS 220
R1-002;Ciudad Real;Almodóvar del Campo;398199,78;4286068,4;3020410261;45;0;0;0;10;;;0;;ALMODOVAR DEL CAMPO;AMD;ALARCOS 220
R1-002;Ciudad Real;Almodóvar del Campo;371330,72;4259213,29;3020100086;15;0;0;4,18;0;;;0;;LA GARGANTA;GAT;LA SOLANA 220
R1-002;Ciudad Real;Almodóvar del Campo;371330,72;4259213,29;3020100086;45;0;0;0;0;;;0;;LA GARGANTA;GAT;LA SOLANA 220
R1-002;Ciudad Real;Almuradiel;456996,33;4263537,71;3020100114;15;0;0;6,88;0,63;;;0;;ALMURADIEL;ALR;LA PALOMA 220
R1-002;Ciudad Real;Almuradiel;456996,33;4263537,71;3020100114;45;0;0;0;0;;;0;;ALMURADIEL;ALR;LA PALOMA 220
R1-002;Ciudad Real;Argamasilla de Alba;493565,76;4332051,52;3020100067;15;0;0;26,68;0;;;0;;ARGAMASILLA DE ALBA;ADA;LA PALOMA 220
R1-002;Ciudad Real;Argamasilla de Alba;493565,76;4332051,52;3020100067;45;0;0;0;5;;;0;;ARGAMASILLA DE ALBA;ADA;LA PALOMA 220
R1-002;Ciudad Real;Argamasilla de Calatrava;405208,81;4285646,21;3020100068;15;0,84;0;22,3;0;;;0;;ARGAMASILLA DE CALATRAVA;ACA;ALARCOS 220
R1-002;Ciudad Real;Argamasilla de Calatrava;405208,81;4285646,21;3020100068;45;0,88;0;0;0;;;0;;ARGAMASILLA DE CALATRAVA;ACA;ALARCOS 220
R1-002;Ciudad Real;Argamasilla de Calatrava;405208,81;4285646,21;3020100068;132;0;0;0;0;;;0;;ARGAMASILLA DE CALATRAVA;ACA;ALARCOS 220
R1-002;Ciudad Real;Calzada de Calatrava;433099,44;4284102;3020100070;15;0;0;9,52;0;;;0;;CALZADA DE CALATRAVA;CDC;ALARCOS 220
R1-002;Ciudad Real;Calzada de Calatrava;433099,44;4284102;3020100070;45;0;0;0;0;;;0;;CALZADA DE CALATRAVA;CDC;ALARCOS 220
R1-002;Ciudad Real;Campo de Criptana;490521,48;4360410,65;3020100071;15;0;0;17,61;0;;;0;;CAMPO DE CRIPTANA;CPT;MADRIDEJOS 220
R1-002;Ciudad Real;Campo de Criptana;490521,48;4360410,65;3020100071;45;0;0;0;0;;;0;;CAMPO DE CRIPTANA;CPT;MADRIDEJOS 220
R1-002;Ciudad Real;Ciudad Real;414776,64;4303545,57;3020410479;15;0;0;13,75;6,32;;;0;;AEROPUERTO CIUDAD REAL;ACI;ALARCOS 220
R1-002;Ciudad Real;Ciudad Real;414776,64;4303545,57;3020410479;45;0;0;0;0;;;0;;AEROPUERTO CIUDAD REAL;ACI;ALARCOS 220
R1-002;Ciudad Real;Ciudad Real;416660,43;4311450,81;ARO;45;0,67;0;0;0;;;0;;ALARCOS;ALC;ALARCOS 220
R1-002;Ciudad Real;Ciudad Real;416660,43;4311450,81;ARO;132;0,88;0;0;0;;;0;;ALARCOS;ALC;ALARCOS 220
R1-002;Ciudad Real;Ciudad Real;419347,02;4317676,13;3020100182;15;0;0;32,51;0;;;0;;PUERTA DE TOLEDO;PDT;ALARCOS 220
R1-002;Ciudad Real;Ciudad Real;419347,02;4317676,13;3020100182;45;0;0;0;0;;;0;;PUERTA DE TOLEDO;PDT;ALARCOS 220
R1-002;Ciudad Real;Ciudad Real;420313,53;4314543,54;3020100106;15;0;0;70,18;0;;;0;;SANTA TERESA;CIU;ALARCOS 220
R1-002;Ciudad Real;Ciudad Real;420313,53;4314543,54;3020100106;132;0;0;0;0;;;0;;SANTA TERESA;CIU;ALARCOS 220
R1-002;Ciudad Real;Daimiel;446228,99;4325015,66;3020100060;15;0;0;10,7;0;;;0;;DAIMIEL;DAI;LA PALOMA 220
R1-002;Ciudad Real;Daimiel;446228,99;4325015,66;3020100060;45;0;0;0;0;;;0;;DAIMIEL;DAI;LA PALOMA 220
R1-002;Ciudad Real;Daimiel;448513,42;4324804,75;3020410208;15;0;0;49,51;0;;;0;;DAIMIEL 2;DA2;LA PALOMA 220
R1-002;Ciudad Real;Daimiel;448513,42;4324804,75;3020410208;132;0;0;12;0;;;0;;DAIMIEL 2;DA2;LA PALOMA 220
R1-002;Ciudad Real;El Robledo;388775,48;4341814,2;3020100079;15;0;0;9,93;0;;;0;;EL ROBLEDO;ERO;ALARCOS 220
R1-002;Ciudad Real;El Robledo;388775,48;4341814,2;3020100079;45;0;0;0;0;;;0;;EL ROBLEDO;ERO;ALARCOS 220
R1-002;Ciudad Real;Herencia;466131,78;4335837,09;3020100083;15;0;0;11,96;9,99;;;0;;HERENCIA;HER;LA PALOMA 220
R1-002;Ciudad Real;Herencia;466131,78;4335837,09;3020100083;45;0;0;0;5;;;0;;HERENCIA;HER;LA PALOMA 220
R1-002;Ciudad Real;La Solana;478739,69;4309119,56;3020300115;15;0;0;33,68;0;;;0;;LA SOLANA;SOL;LA PALOMA 220
R1-002;Ciudad Real;La Solana;478739,69;4309119,56;3020300115;45;0;0;0;0;;;0;;LA SOLANA;SOL;LA PALOMA 220
R1-002;Ciudad Real;Llanos del Caudillo;472432,61;4329288,24;3020100084;15;0;0;15,55;0;;;0;;HERRERA DE LA MANCHA;HDM;LA PALOMA 220
R1-002;Ciudad Real;Llanos del Caudillo;472432,61;4329288,24;3020100084;45;0;0;0;5;;;0;;HERRERA DE LA MANCHA;HDM;LA PALOMA 220
R1-002;Ciudad Real;Malagón;425320,94;4335965,76;3020100061;15;0;0;26,73;0;;;0;;MALAGON;MAL;ALARCOS 220
R1-002;Ciudad Real;Malagón;425320,94;4335965,76;3020100061;45;0;0;0;0;;;0;;MALAGON;MAL;ALARCOS 220
R1-002;Ciudad Real;Manzanares;467574,86;4319119,02;PAO;15;0;0;47,58;2,4;;;0;;LA PALOMA;PLM;LA PALOMA 220
R1-002;Ciudad Real;Manzanares;467574,86;4319119,02;PAO;45;0;0;0;0;;;0;;LA PALOMA;PLM;LA PALOMA 220
R1-002;Ciudad Real;Manzanares;467574,86;4319119,02;PAO;132;0;0;0;0;;;0;;LA PALOMA;PLM;LA PALOMA 220
R1-002;Ciudad Real;Moral de Calatrava;452016,88;4296876,02;3020410843;15;0;0;13,74;5;;;0;;MORAL DE CALATRAVA;MCT;LA PALOMA 220
R1-002;Ciudad Real;Moral de Calatrava;452016,88;4296876,02;3020410843;132;0;0;0;49,99;;;0;;MORAL DE CALATRAVA;MCT;LA PALOMA 220
R1-002;Ciudad Real;Pedro Muñoz;503914,79;4361327,44;3020100090;15;0;0;6,35;0;;;0;;PEDRO MUÑOZ;PEM;MADRIDEJOS 220
R1-002;Ciudad Real;Pedro Muñoz;503914,79;4361327,44;3020100090;45;0;0;0;0;;;0;;PEDRO MUÑOZ;PEM;MADRIDEJOS 220
R1-002;Ciudad Real;Piedrabuena;397622,57;4321081,49;3020100093;15;0;0;15,73;1,88;;;0;;PIEDRABUENA;PIE;ALARCOS 220
R1-002;Ciudad Real;Piedrabuena;397622,57;4321081,49;3020100093;45;0;0;0;0;;;0;;PIEDRABUENA;PIE;ALARCOS 220
R1-002;Ciudad Real;Puebla del Príncipe;506847,38;4268578,24;3020100094;15;0;0;7,08;0;;;0;;PUEBLA DEL PRINCIPE;PDP;LA PALOMA 220
R1-002;Ciudad Real;Puebla del Príncipe;506847,38;4268578,24;3020100094;45;0;0;0;0;;;0;;PUEBLA DEL PRINCIPE;PDP;LA PALOMA 220
R1-002;Ciudad Real;Puertollano;402643,27;4281788,43;3020100069;15;0;0;17,31;0;;;0;;CALATRAVA;CTV;LA SOLANA 220
R1-002;Ciudad Real;Puertollano;400479,79;4281772,34;NAV;15;0;0;31,49;0;;;0;;COSTANILLA;CTL;LA SOLANA 220
R1-002;Ciudad Real;Puertollano;400479,79;4281772,34;NAV;45;0;0;60;0;;;0;;COSTANILLA;CTL;LA SOLANA 220
R1-002;Ciudad Real;Retuerta del Bullaque;393491,36;4364419,92;3020310127;15;0;0;1,37;0;;;0;;RETUERTA DEL BULLAQUE;RDB;ALARCOS 220
R1-002;Ciudad Real;Retuerta del Bullaque;393491,36;4364419,92;3020310127;45;0;0;0;0;;;0;;RETUERTA DEL BULLAQUE;RDB;ALARCOS 220
R1-002;Ciudad Real;Santa Cruz de Mudela;459808,11;4277663,14;3020100109;15;0;0;19,11;5,55;;;0;;STA.CRUZ DE MUDELA;SCM;LA PALOMA 220
R1-002;Ciudad Real;Santa Cruz de Mudela;459808,11;4277663,14;3020100109;45;0;0;12;0;;;0;;STA.CRUZ DE MUDELA;SCM;LA PALOMA 220
R1-002;Ciudad Real;Socuéllamos;517108,28;4349866,52;3020100108;15;0;0;29,72;2,5;;;0;;SOCUELLAMOS;SOC;MADRIDEJOS 220
R1-002;Ciudad Real;Socuéllamos;517108,28;4349866,52;3020100108;45;0;0;0;0;;;0;;SOCUELLAMOS;SOC;MADRIDEJOS 220
R1-002;Ciudad Real;Tomelloso;500394,05;4341222,04;3020100105;15;0;0;9,75;2,5;;;0;;RIEGA;RIE;LA PALOMA 220
R1-002;Ciudad Real;Tomelloso;500394,05;4341222,04;3020100105;45;0;0;0;0;;;0;;RIEGA;RIE;LA PALOMA 220
R1-002;Ciudad Real;Tomelloso;497744,67;4336354,42;3020410350;15;0;0;38,72;0;;;0;;TOMELLOSO;TOM;LA PALOMA 220
R1-002;Ciudad Real;Tomelloso;497744,67;4336354,42;3020410350;45;0;0;0;0;;;0;;TOMELLOSO;TOM;LA PALOMA 220
R1-002;Ciudad Real;Valdepeñas;465649,4;4289834,25;3020300113;15;0;0;49,08;11;;;0;;VALDEPEÑAS;VPE;LA PALOMA 220
R1-002;Ciudad Real;Valdepeñas;465649,4;4289834,25;3020300113;45;0;0;0;0;;;0;;VALDEPEÑAS;VPE;LA PALOMA 220
R1-002;Ciudad Real;Valdepeñas;465649,4;4289834,25;3020300113;132;0;0;50;0;;;0;;VALDEPEÑAS;VPE;LA PALOMA 220
R1-002;Ciudad Real;Villahermosa;513353;4289276;3020410904;15;0;0;3,01;0;;;0;;VILLAHERMOSA;VHM;LA PALOMA 220
R1-002;Ciudad Real;Villahermosa;513353;4289276;3020410904;45;0;0;0;0;;;0;;VILLAHERMOSA;VHM;LA PALOMA 220
R1-002;Ciudad Real;Villanueva de los Infantes;498879,01;4288415,1;3020100112;15;0;0;6,9;0;;;0;;VILLANUEVA DE LOS INFANTES;VDI;LA PALOMA 220
R1-002;Ciudad Real;Villanueva de los Infantes;498879,01;4288415,1;3020100112;45;0;0;0;0;;;0;;VILLANUEVA DE LOS INFANTES;VDI;LA PALOMA 220
R1-002;Ciudad Real;Villarrubia de los Ojos;448297,09;4340204,75;3020410484;15;0;0;22,52;0,2;;;0;;VILLARRUBIA DE LOS OJOS;VRO;LA PALOMA 220
R1-002;Ciudad Real;Villarrubia de los Ojos;448297,09;4340204,75;3020410484;45;0;0;0;0;;;0;;VILLARRUBIA DE LOS OJOS;VRO;LA PALOMA 220
R1-002;Cuenca;Buendía;518143,26;4472118,96;3020410008;132;0;0;0;0;;;0;;C.H.BUENDIA;BUI;BOLARQUE 220
R1-002;Cuenca;Campillos-Sierra;613054,99;4436592,28;3020410352;15;0;0;2,44;0;;;0;;CAMPILLOS;CLO;BOLARQUE 220
R1-002;Cuenca;Campillos-Sierra;613054,99;4436592,28;3020410352;66;0;0;0;0;;;0;;CAMPILLOS;CLO;BOLARQUE 220
R1-002;Cuenca;Cañete;615655,43;4433264,67;3020100171;15;0;0;1,47;0;;;0;;CAÑETE;CTE;BOLARQUE 220
R1-002;Cuenca;Cañete;615655,43;4433264,67;3020100171;66;0;0;0;0;;;0;;CAÑETE;CTE;BOLARQUE 220
R1-002;Cuenca;Cuenca;573417,97;4436736,38;3020100122;20;0;0;26,93;0;;;0;;CUENCA;CUE;BOLARQUE 220
R1-002;Cuenca;Cuenca;573417,97;4436736,38;3020100122;66;0;0;0;0;;;0;;CUENCA;CUE;BOLARQUE 220
R1-002;Cuenca;Cuenca;573417,97;4436736,38;3020100122;132;0;0;0;0;;;0;;CUENCA;CUE;BOLARQUE 220
R1-002;Cuenca;Landete;638785,47;4418436,39;3020100123;15;0;0;4,82;0;;;0;;LANDETE;LTE;BOLARQUE 220
R1-002;Cuenca;Landete;638785,47;4418436,39;3020100123;66;0;0;0;0;;;0;;LANDETE;LTE;BOLARQUE 220
R1-002;Cuenca;Olmeda de la Cuesta;544173,07;4462649,22;3020100124;15;0;0;11,66;6,5;;;0;;OLMEDA DE LA CUESTA;ODC;BOLARQUE 220
R1-002;Cuenca;Olmeda de la Cuesta;544173,07;4462649,22;3020100124;66;0;0;0;0;;;0;;OLMEDA DE LA CUESTA;ODC;BOLARQUE 220
R1-002;Cuenca;Villalba de la Sierra;578743,24;4454583,16;3020100163;15;0;0;3,22;0;;;0;;C.H.VILLALBA DE LA SIERRA;VBA;BOLARQUE 220
R1-002;Cuenca;Villalba de la Sierra;578743,24;4454583,16;3020100163;66;0;0;0;0;;;0;;C.H.VILLALBA DE LA SIERRA;VBA;BOLARQUE 220
R1-002;Guadalajara;Almoguera;502741,54;4457352,59;3020100157;15;0;0;7,88;0;;;0;;C.H.ALMOGUERA;ALM;BOLARQUE 220
R1-002;Guadalajara;Almoguera;502741,54;4457352,59;3020100157;45;0;0;0;0;;;0;;C.H.ALMOGUERA;ALM;BOLARQUE 220
R1-002;Guadalajara;Almonacid de Zorita;514491,78;4468210,97;BLQ;15;0;0;6,66;0;;;0;;BOLARQUE;BOL;BOLARQUE 220
R1-002;Guadalajara;Almonacid de Zorita;514491,78;4468210,97;BLQ;45;0;0;0;0;;;0;;BOLARQUE;BOL;BOLARQUE 220
R1-002;Guadalajara;Almonacid de Zorita;514491,78;4468210,97;BLQ;66;0;0;0;0;;;0;;BOLARQUE;BOL;BOLARQUE 220
R1-002;Guadalajara;Almonacid de Zorita;514491,78;4468210,97;BLQ;132;0;0;0;0;;;0;;BOLARQUE;BOL;BOLARQUE 220
R1-002;Guadalajara;Almonacid de Zorita;514152,59;4455272,73;3020100126;15;0;0;0,61;0;;;0;;ILLANA (LA BUJEDA);ILL;BOLARQUE 220
R1-002;Guadalajara;Almonacid de Zorita;514152,59;4455272,73;3020100126;45;0;0;0;0;;;0;;ILLANA (LA BUJEDA);ILL;BOLARQUE 220
R1-002;Guadalajara;Almonacid de Zorita;509700,47;4466561,09;JCB;45;0;0;0,24;0;;;0;;JOSÉ CABRERA;CAB;BOLARQUE 220
R1-002;Guadalajara;Auñón;521160,28;4482511,19;3020100159;15;0;0;7,54;0;;;0;;C.H.ENTREPEÑAS;ENA;BOLARQUE 220
R1-002;Guadalajara;Auñón;521160,28;4482511,19;3020100159;45;0;0;0;0;;;0;;C.H.ENTREPEÑAS;ENA;BOLARQUE 220
R1-002;Guadalajara;Auñón;521160,28;4482511,19;3020100159;132;0;0;0;0;;;0;;C.H.ENTREPEÑAS;ENA;BOLARQUE 220
R1-002;Guadalajara;Brihuega;510428,36;4508268,3;3020100125;15;0;0;6,32;0;;;0;;BRIHUEGA;BRI;BOLARQUE 220
R1-002;Guadalajara;Brihuega;510428,36;4508268,3;3020100125;45;0;0;0;0;;;0;;BRIHUEGA;BRI;BOLARQUE 220
R1-002;Guadalajara;Chiloeches;483060,5;4491516,7;3020410580;15;0;0;53,71;9,03;;;0;;CHILOECHES;CHL;BOLARQUE 220
R1-002;Guadalajara;Chiloeches;483060,5;4491516,7;3020410580;132;0;0;0;0;;;0;;CHILOECHES;CHL;BOLARQUE 220
R1-002;Guadalajara;Cifuentes;531297,41;4515118,15;3020100162;15;0;0;9,64;0;;;0;;CIFUENTES;CIF;FUENTES DE LA ALCARRIA 400
R1-002;Guadalajara;Cifuentes;531297,41;4515118,15;3020100162;66;0;0;0;0;;;0;;CIFUENTES;CIF;FUENTES DE LA ALCARRIA 400
R1-002;Guadalajara;Cifuentes;531297,41;4515118,15;3020100162;132;0;0;0;0;;;0;;CIFUENTES;CIF;FUENTES DE LA ALCARRIA 400
R1-002;Guadalajara;El Olivar;520981;4493247;3020420418;132;0;0;0;0;;;0;;EL OLIVAR;OLV;BOLARQUE 220
R1-002;Guadalajara;Fuentenovilla;492245,7;4469120,53;3020100169;15;0;0;7,72;0;;;0;;FUENTENOVILLA;FNT;BOLARQUE 220
R1-002;Guadalajara;Fuentenovilla;492245,7;4469120,53;3020100169;45;0;0;0;0;;;0;;FUENTENOVILLA;FNT;BOLARQUE 220
R1-002;Guadalajara;Guadalajara;486424,95;4496421,3;3020410814;15;0;0;81,39;0;;;0;;FUENTE LA NIÑA;FDN;FUENTES DE LA ALCARRIA 400
R1-002;Guadalajara;Guadalajara;486424,95;4496421,3;3020410814;132;0;0;0;0;;;0;;FUENTE LA NIÑA;FDN;FUENTES DE LA ALCARRIA 400
R1-002;Guadalajara;Guadalajara;485000,93;4498444,62;3020100161;15;0;0;56,82;0;;;0;;GUADALAJARA;GDA;FUENTES DE LA ALCARRIA 400
R1-002;Guadalajara;Guadalajara;485000,93;4498444,62;3020100161;45;0;0;0;0;;;0;;GUADALAJARA;GDA;FUENTES DE LA ALCARRIA 400
R1-002;Guadalajara;Guadalajara;485000,93;4498444,62;3020100161;132;0;0;0;0;;;0;;GUADALAJARA;GDA;FUENTES DE LA ALCARRIA 400
R1-002;Guadalajara;Maranchón;565872,6;4544257,88;3020300117;15;0;0;2,64;1,2;;;0;;MARANCHON;MCH;FUENTES DE LA ALCARRIA 400
R1-002;Guadalajara;Maranchón;565872,6;4544257,88;3020300117;66;0;0;0;0;;;0;;MARANCHON;MCH;FUENTES DE LA ALCARRIA 400
R1-002;Guadalajara;Molina de Aragón;594182,56;4521348;3020300118;15;0;0;7,63;0;;;0;;MOLINA DE ARAGON;MDA;FUENTES DE LA ALCARRIA 400
R1-002;Guadalajara;Molina de Aragón;594182,56;4521348;3020300118;66;0;0;0;0;;;0;;MOLINA DE ARAGON;MDA;FUENTES DE LA ALCARRIA 400
R1-002;Guadalajara;Yebes;489592,09;4493337,12;3020410351;15;0;0;38,16;0;;;0;;ALCOHETE;AHT;FUENTES DE LA ALCARRIA 400
R1-002;Guadalajara;Yebes;489592,09;4493337,12;3020410351;45;0;0;0;15;;;0;;ALCOHETE;AHT;FUENTES DE LA ALCARRIA 400
R1-002;Guadalajara;Zorita de los Canes;508582,39;4465395,44;3020100177;45;0;0;5,01;0;;;0;;C.H.ZORITA;ZOR;BOLARQUE 220
R1-002;León;Astorga;248831,95;4705832,07;3020100009;15;0;0;24,42;0;;;0;;ASTORGA;AST;COMPOSTILLA 400
R1-002;León;Astorga;248831,95;4705832,07;3020100009;45;2,41;0;0;0;;;0;;ASTORGA;AST;COMPOSTILLA 400
R1-002;León;Astorga;248831,95;4705832,07;3020100009;132;2,37;0;0;0;;;0;;ASTORGA;AST;COMPOSTILLA 400
R1-002;León;Bembibre;215812,79;4724465,7;3020310006;15;0;0;20,73;0;;;0;;PIBASA;PIB;SANTA MARINA 220
R1-002;León;Bembibre;215812,79;4724465,7;3020310006;45;0,08;0;0;0;;;0;;PIBASA;PIB;SANTA MARINA 220
R1-002;León;Benuza;197968,82;4702474,18;3020410336;15;0;0;8,05;0;;;0;;SANTALAVILLA;SLV;TRIVES 400
R1-002;León;Benuza;197968,82;4702474,18;3020410336;45;1,49;0;0;0;;;0;;SANTALAVILLA;SLV;TRIVES 400
R1-002;León;Borrenes;191310,06;4711020,02;3020300109;15;0;0;5,09;0;;;0;;CARUCEDO;CRC;TRIVES 400
R1-002;León;Borrenes;191310,06;4711020,02;3020300109;45;1,9;0;0;0;;;0;;CARUCEDO;CRC;TRIVES 400
R1-002;León;Borrenes;191310,06;4711020,02;3020300109;132;2,25;0;0;0;;;0;;CARUCEDO;CRC;TRIVES 400
R1-002;León;Carracedelo;191236,15;4719153,79;3020410088;45;0,55;0;0;0;;;0;;VILLAMARTIN;VMT;COMPOSTILLA 400
R1-002;León;Cimanes del Tejar;270067,35;4721522,4;3020100048;15;0;0;5,78;0;;;0;;C.H.CIMANES DEL TEJAR;CIM;LA ROBLA 400
R1-002;León;Cimanes del Tejar;270067,35;4721522,4;3020100048;45;0;0;0;0;;;0;;C.H.CIMANES DEL TEJAR;CIM;LA ROBLA 400
R1-002;León;Cubillos del Sil;204652,12;4724629,76;3020410444;15;0;0;6,95;0;;;0;;CUBILLOS DEL SIL;CUS;COMPOSTILLA 400
R1-002;León;Cubillos del Sil;204652,12;4724629,76;3020410444;45;0,41;0;0;0;;;0;;CUBILLOS DEL SIL;CUS;COMPOSTILLA 400
R1-002;León;Encinedo;206230,4;4686787,55;3020300097;15;0;0;6,24;0,4;;;0;;ENCINEDO;ENC;TRIVES 400
R1-002;León;Encinedo;206230,4;4686787,55;3020300097;45;0,66;0;0;0;;;0;;ENCINEDO;ENC;TRIVES 400
R1-002;León;Fabero;204176,51;4740695,06;3020410125;15;0;0;2,08;0;;;0;;ANTRACITAS FABERO;ANF;COMPOSTILLA 400
R1-002;León;Fabero;204176,51;4740695,06;3020410125;45;0,41;0;0;0;;;0;;ANTRACITAS FABERO;ANF;COMPOSTILLA 400
R1-002;León;Fabero;202709,59;4740542,71;3020100002;15;0;0;1,85;0;;;0;;FABERO;FAB;COMPOSTILLA 400
R1-002;León;Fabero;202709,59;4740542,71;3020100002;45;0,41;0;0;0;;;0;;FABERO;FAB;COMPOSTILLA 400
R1-002;León;Hospital de Órbigo;262097,65;4704588,01;3020100045;15;0;0;20,64;0;;;0;;HOSPITAL DE ORBIGO;HOS;LA ROBLA 400
R1-002;León;Hospital de Órbigo;262097,65;4704588,01;3020100045;45;0;0;3,28;0;;;0;;HOSPITAL DE ORBIGO;HOS;LA ROBLA 400
R1-002;León;Hospital de Órbigo;262097,65;4704588,01;3020100045;132;0;0;0;0;;;0;;HOSPITAL DE ORBIGO;HOS;LA ROBLA 400
R1-002;León;La Bañeza;261836,05;4686556,52;3020300101;15;0;0;27,09;0;;;0;;LA BAÑEZA;BZA;COMPOSTILLA 400
R1-002;León;La Bañeza;261836,05;4686556,52;3020300101;45;2,19;0;0;0;;;0;;LA BAÑEZA;BZA;COMPOSTILLA 400
R1-002;León;La Bañeza;261836,05;4686556,52;3020300101;132;2,32;0;0;0;;;0;;LA BAÑEZA;BZA;COMPOSTILLA 400
R1-002;León;La Robla;284553,04;4741373,71;ROB;132;0;0;6,75;0;;;0;;C.T. LA ROBLA;ROB;LA ROBLA 400
R1-002;León;Laguna de Negrillos;280408,08;4680639,47;3020300098;15;0;0;3,37;1,3;;;0;;LAGUNA DE NEGRILLOS;LDN;LA ROBLA 400
R1-002;León;Laguna de Negrillos;280408,08;4680639,47;3020300098;45;0;0;0;0;;;0;;LAGUNA DE NEGRILLOS;LDN;LA ROBLA 400
R1-002;León;Los Barrios de Luna;267922,83;4745029,66;3020100047;15;0;0;5,91;0;;;0;;C.H.SAN ISIDORO BARRIOS DE LUNA;SIB;LA ROBLA 400
R1-002;León;Los Barrios de Luna;267922,83;4745029,66;3020100047;132;0;0;0;0;;;0;;C.H.SAN ISIDORO BARRIOS DE LUNA;SIB;LA ROBLA 400
R1-002;León;Ponferrada;200062,7;4718910,48;3020100058;15;0;0;20,15;0;;;0;;CAMPONARAYA;CPY;COMPOSTILLA 400
R1-002;León;Ponferrada;200062,7;4718910,48;3020100058;45;0,52;0;0;0;;;0;;CAMPONARAYA;CPY;COMPOSTILLA 400
R1-002;León;Ponferrada;208377;4719070,35;3020310126;15;0;0;4,46;0;;;0;;LA LLANADA;LLA;SANTA MARINA 220
R1-002;León;Ponferrada;208377;4719070,35;3020310126;45;0,09;0;0;0;;;0;;LA LLANADA;LLA;SANTA MARINA 220
R1-002;León;Ponferrada;204065,2;4718338,34;3020300110;15;0,42;0;47,94;0;;;0;;PONFERRADA;PFD;COMPOSTILLA 400
R1-002;León;Ponferrada;204065,2;4718338,34;3020300110;45;0,42;0;0;9,24;;;0;;PONFERRADA;PFD;COMPOSTILLA 400
R1-002;León;Ponferrada;204065,2;4718338,34;3020300110;132;2,18;0;0;0;;;0;;PONFERRADA;PFD;COMPOSTILLA 400
R1-002;León;Rioseco de Tapia;269327,94;4730652,06;3020100049;15;0;0;2,21;0;;;0;;C.H.ESPINOSA;ESP;LA ROBLA 400
R1-002;León;Rioseco de Tapia;269327,94;4730652,06;3020100049;45;0;0;0;0;;;0;;C.H.ESPINOSA;ESP;LA ROBLA 400
R1-002;León;Rioseco de Tapia;269327,94;4730652,06;3020100049;132;0;0;0;0;;;0;;C.H.ESPINOSA;ESP;LA ROBLA 400
R1-002;León;Santa María del Páramo;274125,71;4693124,46;3020100005;15;0;0;5,85;0;;;0;;SANTA MARIA DEL PARAMO;SMP;LA ROBLA 400
R1-002;León;Santa María del Páramo;274125,71;4693124,46;3020100005;45;0;0;0;0;;;0;;SANTA MARIA DEL PARAMO;SMP;LA ROBLA 400
R1-002;León;Toral de los Vados;190503,86;4720583,02;3020310115;45;0,58;0;0;0;;;0;;CRISTALGLASS;CTG;COMPOSTILLA 400
R1-002;León;Toreno;210621,62;4739550,27;3020300099;15;0;0;3,09;0;;;0;;MATARROSA;MAT;COMPOSTILLA 400
R1-002;León;Toreno;210621,62;4739550,27;3020300099;45;0,41;0;0;0;;;0;;MATARROSA;MAT;COMPOSTILLA 400
R1-002;León;Torre del Bierzo;222420,68;4721641,66;3020300108;15;0;0;8,16;0;;;0;;ALBARES;ALS;SANTA MARINA 220
R1-002;León;Torre del Bierzo;222420,68;4721641,66;3020300108;45;0,43;0;0;0;;;0;;ALBARES;ALS;SANTA MARINA 220
R1-002;León;Torre del Bierzo;222420,68;4721641,66;3020300108;132;0,22;0;0;0;;;0;;ALBARES;ALS;SANTA MARINA 220
R1-002;León;Villablino;231757,08;4759331,6;VIB;33;0;0;4;0;;;0;;VILLABLINO;VBN;VILLABLINO 220
R1-002;León;Villadangos del Páramo;273702,47;4712465,68;3020310124;15;0;0;32,7;2,3;;;0;;VILLADANGOS;VL2;LA ROBLA 400
R1-002;León;Villadangos del Páramo;273702,47;4712465,68;3020310124;45;0;0;0;0;;;0;;VILLADANGOS;VL2;LA ROBLA 400
R1-002;León;Villadangos del Páramo;273702,47;4712465,68;3020310124;132;0;0;20;0;;;0;;VILLADANGOS;VL2;LA ROBLA 400
R1-002;León;Villafranca del Bierzo;187809,14;4723388,61;3020100008;15;0;0;19,33;0;;;0;;VILLAFRANCA DEL BIERZO;VDB;TRIVES 400
R1-002;León;Villafranca del Bierzo;187809,14;4723388,61;3020100008;45;0,66;0;0;0;;;0;;VILLAFRANCA DEL BIERZO;VDB;TRIVES 400
R1-002;Lugo;Begonte;122198,14;4785030,78;2920420006;132;0;0;0;1,5;;;0;;FIBRANOR;FIB;PUENTES GARCIA RODRIGUEZ 400
R1-002;Lugo;Carballedo;111367,95;4712541,49;2920200025;20;0;0;11,37;0;;;0;;PEARES;PRS;CHANTADA 220
R1-002;Lugo;Carballedo;111367,95;4712541,49;2920200025;132;2,03;0;0;0;;;0;;PEARES;PRS;CHANTADA 220
R1-002;Lugo;Chantada;113464,91;4730112,47;BEL;132;7,15;0;0;0;;;0;;BELESAR;BEL;BELESAR 220
R1-002;Lugo;Chantada;108942,25;4730257,37;CHA;20;0;0;13,01;0;;;0;;CHANTADA;CHA;CHANTADA 220
R1-002;Lugo;Chantada;108942,25;4730257,37;CHA;66;3,3;0;0;0;;;0;;CHANTADA;CHA;CHANTADA 220
R1-002;Lugo;Chantada;108942,25;4730257,37;CHA;132;2,34;0;100;0;;;0;;CHANTADA;CHA;CHANTADA 220
R1-002;Lugo;Friol;107467,84;4774326,88;2920200103;20;0;0;2,66;0;;;0;;FRIOL;FRO;PORTODEMOUROS 220
R1-002;Lugo;Friol;107467,84;4774326,88;2920200103;66;0,32;0;0;0;;;0;;FRIOL;FRO;PORTODEMOUROS 220
R1-002;Lugo;Láncara;152652,97;4747054,79;2920420303;132;0;0;34,95;0;;;0;;P.E. MONTES DE ABELLA;MTA;CHANTADA 220
R1-002;Lugo;Lugo;127291,31;4773021,57;2920200026;20;0;0;70,97;0,3;;;0;;LUGO;LUG;PUENTES GARCIA RODRIGUEZ 400
R1-002;Lugo;Lugo;127291,31;4773021,57;2920200026;132;0;0;0;0;;;0;;LUGO;LUG;PUENTES GARCIA RODRIGUEZ 400
R1-002;Lugo;Monforte de Lemos;129178,21;4716426,81;2920200029;20;0;0;31,63;4,6;;;0;;MONFORTE;MOF;CHANTADA 220
R1-002;Lugo;Monforte de Lemos;129178,21;4716426,81;2920200029;132;2,29;0;0;0;;;0;;MONFORTE;MOF;CHANTADA 220
R1-002;Lugo;O Corgo;144185,77;4761768,52;2920200065;20;0;0;22,54;0;;;0;;CORGO;CRG;CHANTADA 220
R1-002;Lugo;O Corgo;144185,77;4761768,52;2920200065;132;2,77;0;0;0;;;0;;CORGO;CRG;CHANTADA 220
R1-002;Lugo;Palas de Rei;102283,23;4757478,79;2920200055;20;0;0;8,35;0;;;0;;PALAS;PAL;PORTODEMOUROS 220
R1-002;Lugo;Palas de Rei;102283,23;4757478,79;2920200055;66;0,3;0;0;0;;;0;;PALAS;PAL;PORTODEMOUROS 220
R1-002;Lugo;Sarria;138106,08;4745474,08;2920200057;20;0;0;34,3;0;;;0;;SARRIA;SAR;CHANTADA 220
R1-002;Lugo;Sarria;138106,08;4745474,08;2920200057;132;2,79;0;0;0;;;0;;SARRIA;SAR;CHANTADA 220
R1-002;Lugo;Triacastela;154019,91;4742716,88;2920200028;20;0;0;7,09;0;;;0;;TRIACASTELA;TTL;CHANTADA 220
R1-002;Lugo;Triacastela;154019,91;4742716,88;2920200028;132;2,75;0;0;0;;;0;;TRIACASTELA;TTL;CHANTADA 220
R1-002;Madrid;Ajalvir;460391,56;4482723,05;3020100115;15;0;0;4,87;0;;;0;;I.N.T.A.;INA;LOECHES 220
R1-002;Madrid;Ajalvir;460391,56;4482723,05;3020100115;45;0;0;0;0;;;0;;I.N.T.A.;INA;LOECHES 220
R1-002;Madrid;Alcalá de Henares;467283,92;4480837;3020100004;15;0;0;75,19;4;;;0;;ALCALA I;AL1;LOECHES 220
R1-002;Madrid;Alcalá de Henares;467283,92;4480837;3020100004;45;0;0;0;25;;;0;;ALCALA I;AL1;LOECHES 220
R1-002;Madrid;Alcalá de Henares;467283,92;4480837;3020100004;132;0;0;0;0;;;0;;ALCALA I;AL1;LOECHES 220
R1-002;Madrid;Alcalá de Henares;472918,34;4484520,59;3020100001;15;0;0;40,99;3,67;;;0;;ALCALA II;AL2;LOECHES 220
R1-002;Madrid;Alcalá de Henares;472918,34;4484520,59;3020100001;132;0;0;50;10;;;0;;ALCALA II;AL2;LOECHES 220
R1-002;Madrid;Alcobendas;449349,66;4484488,69;AEN;45;0;0;0;0;;;0;;AENA;AEN;AENA 220
R1-002;Madrid;Aranjuez;445769,89;4430711,01;3020100003;15;0;0;65,66;0;;;0;;ARANJUEZ I;ARZ;VALDEMORO 220
R1-002;Madrid;Aranjuez;445769,89;4430711,01;3020100003;45;0;0;0;10,8;;;0;;ARANJUEZ I;ARZ;VALDEMORO 220
R1-002;Madrid;Aranjuez;445769,89;4430711,01;3020100003;132;0;0;0;0;;;0;;ARANJUEZ I;ARZ;VALDEMORO 220
R1-002;Madrid;Aranjuez;450987,42;4431415,79;3020410872;15;0;0;45,51;0;;;0;;CERRO GULLON;CGU;VALDEMORO 220
R1-002;Madrid;Aranjuez;450987,42;4431415,79;3020410872;132;0;0;0;0;;;0;;CERRO GULLON;CGU;VALDEMORO 220
R1-002;Madrid;Arganda del Rey;460964,93;4461325,7;ARD;15;0;0;97,25;9;;;0;;ARGANDA;ARG;ARGANDA 220
R1-002;Madrid;Arganda del Rey;460964,93;4461325,7;ARD;45;0,7;0;0;0;;;0;;ARGANDA;ARG;ARGANDA 220
R1-002;Madrid;Arganda del Rey;459120,86;4463551,45;3020100129;15;0;0;77,07;0;;;0;;LA POVEDA;POV;ARGANDA 220
R1-002;Madrid;Arganda del Rey;459120,86;4463551,45;3020100129;45;0;0;0;0;;;0;;LA POVEDA;POV;ARGANDA 220
R1-002;Madrid;Ciempozuelos;444635,96;4442592,17;3020410407;15;0;0;34,3;24,69;;;0;;LA SENDILLA;LSD;VALDEMORO 220
R1-002;Madrid;Ciempozuelos;444635,96;4442592,17;3020410407;45;0;0;0;0;;;0;;LA SENDILLA;LSD;VALDEMORO 220
R1-002;Madrid;Colmenar de Oreja;467538,02;4440104,99;3020100010;15;0;0;17,71;0;;;0;;COLMENAR DE OREJA;CDO;VALDEMORO 220
R1-002;Madrid;Colmenar de Oreja;467538,02;4440104,99;3020100010;45;0;0;0;0;;;0;;COLMENAR DE OREJA;CDO;VALDEMORO 220
R1-002;Madrid;Coslada;454106,91;4473753,87;3020410851;15;0;0;79,43;0;;;0;;BARRIO DEL JARAMA;BJR;COSLADA 220
R1-002;Madrid;Coslada;454106,91;4473753,87;3020410851;45;0;0;0;0;;;0;;BARRIO DEL JARAMA;BJR;COSLADA 220
R1-002;Madrid;Coslada;452920,29;4476692,89;3020410232;15;0;0;32,1;13,07;;;0;;CITIPAL;CIP;COSLADA 220
R1-002;Madrid;Coslada;452920,29;4476692,89;3020410232;45;0;0;0;0;;;0;;CITIPAL;CIP;COSLADA 220
R1-002;Madrid;Coslada;451236,93;4474811,89;COS;15;0;0;62,28;0;;;0;;COSLADA;COS;COSLADA 220
R1-002;Madrid;Coslada;451236,93;4474811,89;COS;45;0;0;0;0;;;0;;COSLADA;COS;COSLADA 220
R1-002;Madrid;Coslada;454660,77;4477316,1;3020100043;15;0;0;22,15;0;;;0;;SAN FERNANDO;FND;PUENTE SAN FERNANDO 220
R1-002;Madrid;Coslada;454660,77;4477316,1;3020100043;45;0;0;0;0;;;0;;SAN FERNANDO;FND;PUENTE SAN FERNANDO 220
R1-002;Madrid;Getafe;441276,72;4463317,64;GTF;15;0;0;33,68;0;;;0;;GETAFE;GET;GETAFE 220
R1-002;Madrid;Getafe;441276,72;4463317,64;GTF;45;0,77;0;15;0;;;0;;GETAFE;GET;GETAFE 220
R1-002;Madrid;Loeches;464366,65;4470880,65;LOE;15;0;0;51,22;0;;;0;;LOECHES;LOE;LOECHES 220
R1-002;Madrid;Loeches;464366,65;4470880,65;LOE;45;0;0;0;0;;;0;;LOECHES;LOE;LOECHES 220
R1-002;Madrid;Loeches;464366,65;4470880,65;LOE;132;0;0;0;0;;;0;;LOECHES;LOE;LOECHES 220
R1-002;Madrid;Madrid;445375,51;4471073,47;3020000005;15;0;0;39,94;0;;;0;;ALTO PALOMERAS;PMS;VALLECAS 220
R1-002;Madrid;Madrid;445375,51;4471073,47;3020000005;45;0;0;0;0;;;0;;ALTO PALOMERAS;PMS;VALLECAS 220
R1-002;Madrid;Madrid;452925,56;4477340,35;3020410804;15;0;0;25,7;23,78;;;0;;ARAGON;ARA;PUENTE SAN FERNANDO 220
R1-002;Madrid;Madrid;452925,56;4477340,35;3020410804;45;0;0;0;0;;;0;;ARAGON;ARA;PUENTE SAN FERNANDO 220
R1-002;Madrid;Madrid;441127,68;4478241,02;AZC;15;0;0;66,14;0,8;;;0;;AZCA;AZC;AZCA 220
R1-002;Madrid;Madrid;450333,14;4480697,33;3020410247;15;0;0;53,1;15,85;;;0;;BARAJAS;NBA;PUENTE SAN FERNANDO 220
R1-002;Madrid;Madrid;450333,14;4480697,33;3020410247;45;0;0;0;142,5;;;0;;BARAJAS;NBA;PUENTE SAN FERNANDO 220
R1-002;Madrid;Madrid;445115,63;4475489,1;3020100119;15;0;0;16,4;0,63;;;0;;BARRIO DE BILBAO;BBO;CANILLEJAS 220
R1-002;Madrid;Madrid;445115,63;4475489,1;3020100119;45;0;0;0;0;;;0;;BARRIO DE BILBAO;BBO;CANILLEJAS 220
R1-002;Madrid;Madrid;442440,86;4469733,68;3020000002;15;0;0;19,45;18,95;;;0;;BARRIO DE LA PAZ;BPZ;GETAFE 220
R1-002;Madrid;Madrid;442440,86;4469733,68;3020000002;45;0;0;0;240,68;;;0;;BARRIO DE LA PAZ;BPZ;GETAFE 220
R1-002;Madrid;Madrid;447809,79;4468271,6;3020410252;15;0;0;55,98;3,68;;;0;;CAMINO CONGOSTO;CAC;GETAFE 220
R1-002;Madrid;Madrid;447809,79;4468271,6;3020410252;45;0;0;16;0;;;0;;CAMINO CONGOSTO;CAC;GETAFE 220
R1-002;Madrid;Madrid;447324,68;4479500,5;CPN;15;0;0;96,38;0;;;0;;CAMPO NACIONES NUEVO;CPM;CAMPO DE LAS NACIONES 220
R1-002;Madrid;Madrid;447324,68;4479500,5;CPN;45;0;0;0;0;;;0;;CAMPO NACIONES NUEVO;CPM;CAMPO DE LAS NACIONES 220
R1-002;Madrid;Madrid;447895,02;4476186,24;CLJ;15;0;0;108,49;0,51;;;0;;CANILLEJAS;CJS;CANILLEJAS 220
R1-002;Madrid;Madrid;447895,02;4476186,24;CLJ;45;0;0;50;0;;;0;;CANILLEJAS;CJS;CANILLEJAS 220
R1-002;Madrid;Madrid;442577,7;4472012,28;CPL;15;0;0;142,76;0,49;;;0;;CERRO DE LA PLATA NUEVA;CL3;CERRO PLATA 220
R1-002;Madrid;Madrid;442577,7;4472012,28;CPL;45;1,01;0;0;0;;;0;;CERRO DE LA PLATA NUEVA;CL3;CERRO PLATA 220
R1-002;Madrid;Madrid;440660,35;4478491,11;3020000015;15;0;0;25,05;0;;;0;;CHAMARTIN;CHM;NORTE 220
R1-002;Madrid;Madrid;440660,35;4478491,11;3020000015;45;0;0;0;0;;;0;;CHAMARTIN;CHM;NORTE 220
R1-002;Madrid;Madrid;450641,08;4465390,75;3020410237;45;0;0;6,2;253,92;;;0;;COG. VALDEMINGOMEZ;VAZ;VALLECAS 220
R1-002;Madrid;Madrid;444132,81;4476048,73;3020000012;15;0;0;49,54;0;;;0;;CONCEPCION;CCC;CANILLEJAS 220
R1-002;Madrid;Madrid;444132,81;4476048,73;3020000012;45;0;0;0;0;;;0;;CONCEPCION;CCC;CANILLEJAS 220
R1-002;Madrid;Madrid;445438,5;4477920,68;LCT;15;0;0;82,51;0,21;;;0;;EL COTO;COT;COTO 220
R1-002;Madrid;Madrid;446751,73;4472320,18;3020100128;15;0;0;16,87;0;;;0;;EL VANDEL;EVA;VALLECAS 220
R1-002;Madrid;Madrid;446751,73;4472320,18;3020100128;45;0;0;0;0;;;0;;EL VANDEL;EVA;VALLECAS 220
R1-002;Madrid;Madrid;443698,25;4480440,46;HRZ;15;0;0;84,64;0;;;0;;HORTALEZA;HOR;HORTALEZA 220
R1-002;Madrid;Madrid;443698,25;4480440,46;HRZ;45;1,48;0;0;0;;;0;;HORTALEZA;HOR;HORTALEZA 220
R1-002;Madrid;Madrid;450264,45;4477022,35;3020100117;15;0;0;64,52;0;;;0;;LAS MERCEDES;LAM;COSLADA 220
R1-002;Madrid;Madrid;450264,45;4477022,35;3020100117;45;0;0;0;0;;;0;;LAS MERCEDES;LAM;COSLADA 220
R1-002;Madrid;Madrid;440028,33;4472537,14;3020310117;15;0;0;36,56;0,65;;;0;;LAS PEÑUELAS;PEA;PUENTE PRINCESA 220
R1-002;Madrid;Madrid;440028,33;4472537,14;3020310117;45;0;0;0;0;;;0;;LAS PEÑUELAS;PEA;PUENTE PRINCESA 220
R1-002;Madrid;Madrid;450574;4468825;3020420428;15;0;0;60,29;0;;;0;;LOS BERROCALES;LBR;LOECHES 220
R1-002;Madrid;Madrid;450574;4468825;3020420428;132;0;0;0;0;;;0;;LOS BERROCALES;LBR;LOECHES 220
R1-002;Madrid;Madrid;443955,15;4476165,42;MBC;15;0;0;70,96;0;;;0;;MANUEL BECERRA;MBA;MANUEL BECERRA 220
R1-002;Madrid;Madrid;438990,63;4473794,88;MAZ;15;0;0;102,68;0;;;0;;MAZARREDO;MAZ;MAZARREDO 220
R1-002;Madrid;Madrid;441358,15;4473479,04;MDI;15;0;0;72,05;0;;;0;;MEDIODIA;MDD;MEDIODIA 220
R1-002;Madrid;Madrid;444247,25;4468534,2;3020000028;15;0;0;72,09;14;;;0;;MERCAMADRID;MMA;LOECHES 220
R1-002;Madrid;Madrid;444247,25;4468534,2;3020000028;132;0;0;0;0;;;0;;MERCAMADRID;MMA;LOECHES 220
R1-002;Madrid;Madrid;445549,07;4472591,63;3020000029;15;0;0;38,13;0;;;0;;MORATALAZ;MTZ;VALLECAS 220
R1-002;Madrid;Madrid;445549,07;4472591,63;3020000029;45;0;0;0;0;;;0;;MORATALAZ;MTZ;VALLECAS 220
R1-002;Madrid;Madrid;440677,14;4475747,32;NOR;15;0;0;110,14;0;;;0;;NORTE;NOR;NORTE 220
R1-002;Madrid;Madrid;440677,14;4475747,32;NOR;45;1,06;0;0;0;;;0;;NORTE;NOR;NORTE 220
R1-002;Madrid;Madrid;441230,62;4477429,66;3020100118;15;0;0;56,23;0,67;;;0;;NUEVOS MINISTERIOS;NMI;HORTALEZA 220
R1-002;Madrid;Madrid;441230,62;4477429,66;3020100118;45;0;0;0;0;;;0;;NUEVOS MINISTERIOS;NMI;HORTALEZA 220
R1-002;Madrid;Madrid;441410,66;4475145,1;3020100120;15;0;0;24,45;2,06;;;0;;PASEO DE RECOLETOS;PRT;CERRO PLATA 220
R1-002;Madrid;Madrid;441410,66;4475145,1;3020100120;45;0;0;0;0;;;0;;PASEO DE RECOLETOS;PRT;CERRO PLATA 220
R1-002;Madrid;Madrid;444384,88;4481437,57;3020410449;15;0;0;18,96;0;;;0;;PINAR;PNR;CAMPO DE LAS NACIONES 220
R1-002;Madrid;Madrid;444384,88;4481437,57;3020410449;45;0;0;0;0;;;0;;PINAR;PNR;CAMPO DE LAS NACIONES 220
R1-002;Madrid;Madrid;444370,65;4473745,41;3020000036;15;0;0;34,1;0;;;0;;POLIGONO 38;P38;VALLECAS 220
R1-002;Madrid;Madrid;444370,65;4473745,41;3020000036;45;0;0;0;0;;;0;;POLIGONO 38;P38;VALLECAS 220
R1-002;Madrid;Madrid;443470,94;4477110,02;PRO;15;0;0;102,93;0;;;0;;PROSPERIDAD;PRO;PROSPERIDAD 220
R1-002;Madrid;Madrid;441157,23;4470593,36;PPA;15;0;0;79,34;0;;;0;;PUENTE PRINCESA;PRI;PUENTE PRINCESA 220
R1-002;Madrid;Madrid;441157,23;4470593,36;PPA;45;1,05;0;0;0;;;0;;PUENTE PRINCESA;PRI;PUENTE PRINCESA 220
R1-002;Madrid;Madrid;453092,89;4478227,69;3020410857;15;0;0;12,23;0;;;0;;REJAS;REJ;COSLADA 220
R1-002;Madrid;Madrid;453092,89;4478227,69;3020410857;45;0;0;0;0;;;0;;REJAS;REJ;COSLADA 220
R1-002;Madrid;Madrid;438989,7;4475018,72;3020410448;15;0;0;36,81;1,29;;;0;;ROSALES;RSL;PUENTE PRINCESA 220
R1-002;Madrid;Madrid;438989,7;4475018,72;3020410448;45;0;0;0;0;;;0;;ROSALES;RSL;PUENTE PRINCESA 220
R1-002;Madrid;Madrid;442230,25;4475099,18;3020000041;15;0;0;43,81;2,1;;;0;;SALAMANCA;SCA;CERRO PLATA 220
R1-002;Madrid;Madrid;442230,25;4475099,18;3020000041;45;0;0;0;0;;;0;;SALAMANCA;SCA;CERRO PLATA 220
R1-002;Madrid;Madrid;447324,74;4474068,57;3020100127;15;0;0;21,99;0;;;0;;SAN BLAS;SBL;COSLADA 220
R1-002;Madrid;Madrid;447324,74;4474068,57;3020100127;45;0;0;0;0;;;0;;SAN BLAS;SBL;COSLADA 220
R1-002;Madrid;Madrid;444196,02;4470608,37;3020100116;15;0;0;61,51;0;;;0;;SAN DIEGO;SDO;CERRO PLATA 220
R1-002;Madrid;Madrid;444196,02;4470608,37;3020100116;45;0;0;0;0;;;0;;SAN DIEGO;SDO;CERRO PLATA 220
R1-002;Madrid;Madrid;441637,19;4475107,99;3020410833;15;0;0;32,01;0;;;0;;SERRANO;SER;NORTE 220
R1-002;Madrid;Madrid;441637,19;4475107,99;3020410833;45;0;0;0;0;;;0;;SERRANO;SER;NORTE 220
R1-002;Madrid;Madrid;446516,28;4475957,93;SIM;15;0;0;116,82;10,33;;;0;;SIMANCAS;SIM;SIMANCAS 220
R1-002;Madrid;Madrid;448824,59;4481976,44;3020410836;15;0;0;88,66;14,35;;;0;;VALDEBEBAS;VBE;CAMPO DE LAS NACIONES 220
R1-002;Madrid;Madrid;448824,59;4481976,44;3020410836;45;0;0;0;0;;;0;;VALDEBEBAS;VBE;CAMPO DE LAS NACIONES 220
R1-002;Madrid;Madrid;447379,81;4471104,07;VLC;15;0;0;101,3;0;;;0;;VALLECAS 2;VA2;VALLECAS 220
R1-002;Madrid;Madrid;447379,81;4471104,07;VLC;45;0,85;0;0;0;;;0;;VALLECAS 2;VA2;VALLECAS 220
R1-002;Madrid;Madrid;448808,09;4471991,95;3020410200;15;0;0;36,65;0;;;0;;VICALVARO;VCL;VALLECAS 220
R1-002;Madrid;Madrid;448808,09;4471991,95;3020410200;45;0;0;0;5;;;0;;VICALVARO;VCL;VALLECAS 220
R1-002;Madrid;Madrid;441413,11;4468361,15;3020030089;15;0;0;35,5;17,98;;;0;;VILLAVERDE;VVD;GETAFE 220
R1-002;Madrid;Madrid;441413,11;4468361,15;3020030089;45;0;0;0;0;;;0;;VILLAVERDE;VVD;GETAFE 220
R1-002;Madrid;Mejorada del Campo;459626,44;4471215,81;3020100027;15;0;0;59,03;0;;;0;;MEJORADA;MEJ;LOECHES 220
R1-002;Madrid;Mejorada del Campo;459626,44;4471215,81;3020100027;45;0;0;0;0;;;0;;MEJORADA;MEJ;LOECHES 220
R1-002;Madrid;Navas del Rey;394046,26;4465142,17;3020410013;132;0;0;0,08;0;;;0;;C.H.LAS PICADAS;LPC;VILLAVICIOSA 400
R1-002;Madrid;Nuevo Baztán;479561,12;4469492,83;3020100121;15;0;0;24,73;0;;;0;;NUEVO BAZTAN;NBZ;LOECHES 220
R1-002;Madrid;Nuevo Baztán;479561,12;4469492,83;3020100121;45;0;0;0;0;;;0;;NUEVO BAZTAN;NBZ;LOECHES 220
R1-002;Madrid;Perales de Tajuña;470241,94;4453871,61;3020100035;15;0;0;23,29;0;;;0;;PERALES;PRE;LOECHES 220
R1-002;Madrid;Perales de Tajuña;470241,94;4453871,61;3020100035;45;0;0;0;0;;;0;;PERALES;PRE;LOECHES 220
R1-002;Madrid;Pinto;442317,16;4458066,25;3020410584;15;0;0;41,91;0;;;0;;LOS ARENALES;ARL;GETAFE 220
R1-002;Madrid;Pinto;442317,16;4458066,25;3020410584;45;0;0;0,62;0;;;0;;LOS ARENALES;ARL;GETAFE 220
R1-002;Madrid;Rivas-Vaciamadrid;454691;4471086;3020420414;15;0;0;33,27;0;;;0;;CRISTO DE RIVAS;CRV;LOECHES 220
R1-002;Madrid;Rivas-Vaciamadrid;454691;4471086;3020420414;132;0;0;0;0;;;0;;CRISTO DE RIVAS;CRV;LOECHES 220
R1-002;Madrid;Rivas-Vaciamadrid;456428,97;4465648,47;3020410842;15;0;0;32,23;1,2;;;0;;MIRADOR DEL SUR;MSU;LOECHES 220
R1-002;Madrid;Rivas-Vaciamadrid;456428,97;4465648,47;3020410842;132;0;0;0;0;;;0;;MIRADOR DEL SUR;MSU;LOECHES 220
R1-002;Madrid;Rivas-Vaciamadrid;455330,11;4466793,77;3020310105;15;0;0;53,09;0;;;0;;VACIAMADRID;VAM;ARGANDA 220
R1-002;Madrid;Rivas-Vaciamadrid;455330,11;4466793,77;3020310105;45;0;0;0;0;;;0;;VACIAMADRID;VAM;ARGANDA 220
R1-002;Madrid;San Fernando de Henares;456397,7;4477786,66;PSF;45;0;0;0;4,45;;;0;;PUENTE DE SAN FERNANDO;PSF;PUENTE SAN FERNANDO 220
R1-002;Madrid;San Martín de la Vega;448423,48;4453598,6;3020410194;15;0;0;11,58;1,69;;;0;;PARQUE TEMATICO WARNER;PTW;GETAFE 220
R1-002;Madrid;San Martín de la Vega;448423,48;4453598,6;3020410194;45;0;0;0;0;;;0;;PARQUE TEMATICO WARNER;PTW;GETAFE 220
R1-002;Madrid;San Martín de la Vega;451561,32;4451634,18;3020100044;15;0;0;29,95;0;;;0;;SAN MARTIN I;SM1;GETAFE 220
R1-002;Madrid;San Martín de la Vega;451561,32;4451634,18;3020100044;45;0;0;0;0;;;0;;SAN MARTIN I;SM1;GETAFE 220
R1-002;Madrid;San Martín de la Vega;446588,49;4454069,6;3020100046;15;0;0;29,37;0;;;0;;SAN MARTIN II;SM2;GETAFE 220
R1-002;Madrid;San Martín de la Vega;446588,49;4454069,6;3020100046;45;0;0;0;0;;;0;;SAN MARTIN II;SM2;GETAFE 220
R1-002;Madrid;San Martín de Valdeiglesias;388844,49;4469889,73;3020410017;132;0;0;0;0;;;0;;C.H.SAN JUAN;SJV;VILLAVICIOSA 400
R1-002;Madrid;Valdemoro;444275,28;4449447,93;3020100050;15;0;0;28,99;14;;;0;;VALDEMORO;VDM;VALDEMORO 220
R1-002;Madrid;Valdemoro;444275,28;4449447,93;3020100050;45;0;0;0;36;;;0;;VALDEMORO;VDM;VALDEMORO 220
R1-002;Madrid;Valdemoro;445125,42;4446086,48;VDM;15;0;0;37,01;0;;;0;;VALDEMORO 2;VD2;VALDEMORO 220
R1-002;Madrid;Valdemoro;445125,42;4446086,48;VDM;45;0;0;0;0;;;0;;VALDEMORO 2;VD2;VALDEMORO 220
R1-002;Madrid;Valdemoro;445125,42;4446086,48;VDM;132;0;0;50;0;;;0;;VALDEMORO 2;VD2;VALDEMORO 220
R1-002;Madrid;Villalbilla;469848,25;4475735,64;3020100022;15;0;0;27,28;13,6;;;0;;LOS HUEROS;HUR;LOECHES 220
R1-002;Madrid;Villalbilla;469848,25;4475735,64;3020100022;45;0;0;0;28,35;;;0;;LOS HUEROS;HUR;LOECHES 220
R1-002;Madrid;Villarejo de Salvanés;475155,88;4447608,77;3020410206;15;0;0;23,52;0;;;0;;VILLAREJO DE SALVANES;VDS;LOECHES 220
R1-002;Madrid;Villarejo de Salvanés;475155,88;4447608,77;3020410206;45;0;0;0;0;;;0;;VILLAREJO DE SALVANES;VDS;LOECHES 220
R1-002;Madrid;Villaviciosa de Odón;423196,22;4466816,82;VVI;132;0,98;0;0;0;;;0;;VILLAVICIOSA DE ODON;VDO;VILLAVICIOSA 400
R1-002;Ourense;A Rúa;160429,27;4701822,96;2920200111;20;0;0;11,26;0;;;0;;A RUA;RUA;CHANTADA 220
R1-002;Ourense;A Rúa;160429,27;4701822,96;2920200111;132;2,18;0;0;0;;;0;;A RUA;RUA;CHANTADA 220
R1-002;Ourense;Allariz;104030,93;4681209,64;2920200054;20;0;0;14,85;0;;;0;;ALLARIZ;ALL;CHANTADA 220
R1-002;Ourense;Allariz;104030,93;4681209,64;2920200054;132;0,76;0;0;0;;;0;;ALLARIZ;ALL;CHANTADA 220
R1-002;Ourense;Boborás;75505,23;4706862,95;ALB;20;0;0;10,8;0;;;0;;ALBARELLOS;ALB;ALBARELLOS 220
R1-002;Ourense;Carballeda de Valdeorras;182042,86;4700172,03;2920420220;20;0;0;26,8;0;;;0;;CARBALLEDA;CRL;CHANTADA 220
R1-002;Ourense;Carballeda de Valdeorras;182042,86;4700172,03;2920420220;132;2,23;0;0;0;;;0;;CARBALLEDA;CRL;CHANTADA 220
R1-002;Ourense;Castrelo de Miño;78380,95;4694837,49;CTL;20;0;0;24,59;0;;;0;;CASTRELO;CAS;CASTRELO 220
R1-002;Ourense;Celanova;91504,13;4677830,09;2920200062;20;0;0;12,97;0;;;0;;CELANOVA;CEL;FRIEIRA 220
R1-002;Ourense;Celanova;91504,13;4677830,09;2920200062;132;0,88;0;0;0;;;0;;CELANOVA;CEL;FRIEIRA 220
R1-002;Ourense;Lobios;80888,03;4655602,5;2920200034;20;0;0;5,71;0;;;0;;CONCHAS;CCH;FRIEIRA 220
R1-002;Ourense;Lobios;80888,03;4655602,5;2920200034;132;2,14;0;0;0;;;0;;CONCHAS;CCH;FRIEIRA 220
R1-002;Ourense;Muíños;87134,96;4656922,56;2920420016;132;1,04;0;0;0;;;0;;SALAS;SLS;FRIEIRA 220
R1-002;Ourense;O Barco de Valdeorras;170430,98;4704006,2;2920200035;15;0;0;11,52;0;;;0;;O BARCO;BDV;CHANTADA 220
R1-002;Ourense;O Barco de Valdeorras;170430,98;4704006,2;2920200035;132;2,19;0;0;0;;;0;;O BARCO;BDV;CHANTADA 220
R1-002;Ourense;O Carballiño;84062,62;4710592,73;2920320005;20;0;0;21,33;0;;;0;;CARBALLINO;CNO;CHANTADA 220
R1-002;Ourense;O Carballiño;84062,62;4710592,73;2920320005;132;0,64;0;0;0;;;0;;CARBALLINO;CNO;CHANTADA 220
R1-002;Ourense;O Irixo;238303;4704881;2920420176;132;0,64;0;10;0;;;0;;P.E.IRIXO;IRI;CHANTADA 220
R1-002;Ourense;Ourense;99006,18;4698590,01;2920200060;20;0;0;93,51;2,5;;;0;;BARBAÑA;BBA;CHANTADA 220
R1-002;Ourense;Ourense;99006,18;4698590,01;2920200060;132;0,69;0;0;0;;;0;;BARBAÑA;BBA;CHANTADA 220
R1-002;Ourense;Ourense;92295,37;4701174,59;2920420111;20;0;0;18,62;0;;;0;;SACEDA;SAC;CHANTADA 220
R1-002;Ourense;Ourense;92295,37;4701174,59;2920420111;132;0;0;7,23;0;;;0;;SACEDA;SAC;CHANTADA 220
R1-002;Ourense;Ourense;100649,86;4700910,44;VEL;20;0;0;87,91;0;;;0;;VELLE;VLL;VELLE 220
R1-002;Ourense;Padrenda;70897,59;4679928,25;FRI;20;0;0;16,87;0,8;;;0;;FRIEIRA;FRI;FRIEIRA 220
R1-002;Ourense;Padrenda;70897,59;4679928,25;FRI;132;2,7;0;0;0;;;0;;FRIEIRA;FRI;FRIEIRA 220
R1-002;Ourense;Parada de Sil;128777,14;4702370,51;2920200043;20;0;0;4,38;0;;;0;;REGUEIRO;REG;CHANTADA 220
R1-002;Ourense;Parada de Sil;128777,14;4702370,51;2920200043;132;2,23;0;0;0;;;0;;REGUEIRO;REG;CHANTADA 220
R1-002;Ourense;San Cibrao das Viñas;102685,12;4693245,96;2920200038;20;0;0;46,73;0;;;0;;SAN CIPRIAN;SCV;CHANTADA 220
R1-002;Ourense;San Cibrao das Viñas;102685,12;4693245,96;2920200038;132;0,74;0;0;0;;;0;;SAN CIPRIAN;SCV;CHANTADA 220
R1-002;Ourense;Sarreaus;113216,13;4674314,24;2920420137;20;0;0;8,4;0;;;0;;SARREAUS;SRS;CHANTADA 220
R1-002;Ourense;Sarreaus;113216,13;4674314,24;2920420137;132;0,78;0;0;0;;;0;;SARREAUS;SRS;CHANTADA 220
R1-002;Ourense;Verín;129785,17;4651909,53;2920420285;20;0;0;32,96;0;;;0;;VERIN II;VII;FRIEIRA 220
R1-002;Ourense;Verín;129785,17;4651909,53;2920420285;132;0,85;0;0;0;;;0;;VERIN II;VII;FRIEIRA 220
R1-002;Ourense;Xinzo de Limia;115290,47;4654961,86;2920420116;132;0,47;0;0,43;0;;;0;;LAROUCO;LAC;FRIEIRA 220
R1-002;Ourense;Xinzo de Limia;110541,18;4667015,94;2920200053;20;0;0;28,83;1,25;;;0;;XINZO;XIN;CHANTADA 220
R1-002;Ourense;Xinzo de Limia;110541,18;4667015,94;2920200053;132;0,79;0;0;0;;;0;;XINZO;XIN;CHANTADA 220
R1-002;Pontevedra;A Estrada;49046,16;4740542,61;2920200013;20;0;0;21,73;0;;;0;;ESTRADA;LES;TIBO 220
R1-002;Pontevedra;A Estrada;49046,16;4740542,61;2920200013;66;2,8;0;0;0;;;0;;ESTRADA;LES;TIBO 220
R1-002;Pontevedra;Barro;33800,88;4723133,67;2920420297;20;0;0;6,78;0;;;0;;BARRO;BRA;TIBO 220
R1-002;Pontevedra;Barro;33800,88;4723133,67;2920420297;66;1,98;0;0;0;;;0;;BARRO;BRA;TIBO 220
R1-002;Pontevedra;Caldas de Reis;36835,7;4730255,88;TIB;20;0;0;40,96;0;;;0;;TIBO;TIB;TIBO 220
R1-002;Pontevedra;Caldas de Reis;36835,7;4730255,88;TIB;66;2,79;0;0;0;;;0;;TIBO;TIB;TIBO 220
R1-002;Pontevedra;Cambados;24835,79;4722959,19;2920200020;20;0;0;33,43;5,25;;;0;;CAMBADOS;CBD;TIBO 220
R1-002;Pontevedra;Cambados;24835,79;4722959,19;2920200020;66;0,36;0;0;0;;;0;;CAMBADOS;CBD;TIBO 220
R1-002;Pontevedra;Cangas;23076,65;4698165,39;2920420284;20;0;0;53,97;0;;;0;;CANGAS 2;CII;LOURIZAN 220
R1-002;Pontevedra;Cangas;23076,65;4698165,39;2920420284;66;1,24;0;0;0;;;0;;CANGAS 2;CII;LOURIZAN 220
R1-002;Pontevedra;Cerdedo-Cotobade;46397,26;4722652,21;2920200016;20;0;0;3,63;0;;;0;;SAN JORGE;SJG;TIBO 220
R1-002;Pontevedra;Cerdedo-Cotobade;46397,26;4722652,21;2920200016;66;1,44;0;0;0;;;0;;SAN JORGE;SJG;TIBO 220
R1-002;Pontevedra;Gondomar;19531,86;4678684,93;2920200021;20;0;0;45,6;0;;;0;;GONDOMAR;GON;ATIOS 220
R1-002;Pontevedra;Gondomar;19531,86;4678684,93;2920200021;132;2,65;0;0;0;;;0;;GONDOMAR;GON;ATIOS 220
R1-002;Pontevedra;Lalín;80980,67;4734879,53;2920200012;20;0;0;12,79;0;;;0;;LALIN;LAL;CHANTADA 220
R1-002;Pontevedra;Lalín;80980,67;4734879,53;2920200012;66;3,28;0;0;0;;;0;;LALIN;LAL;CHANTADA 220
R1-002;Pontevedra;Mos;34044,29;4689138,04;2920200120;15;0;0;27,17;6,5;;;0;;MOS;MOS;PAZOS DE BORBEN 220
R1-002;Pontevedra;Mos;34044,29;4689138,04;2920200120;132;3,6;0;14;0;;;0;;MOS;MOS;PAZOS DE BORBEN 220
R1-002;Pontevedra;O Porriño;35334,14;4680381,75;ATI;15;0;0;153,52;0;;;0;;ATIOS;ATI;ATIOS 220
R1-002;Pontevedra;O Porriño;35334,14;4680381,75;ATI;132;3,46;0;10;0;;;0;;ATIOS;ATI;ATIOS 220
R1-002;Pontevedra;O Rosal;15036,2;4658333,85;2920200006;20;0;0;21,01;0;;;0;;ROSAL;ROS;ATIOS 220
R1-002;Pontevedra;O Rosal;15036,2;4658333,85;2920200006;132;2,91;0;0;0;;;0;;ROSAL;ROS;ATIOS 220
R1-002;Pontevedra;Pazos de Borbén;38882,5;4694151,55;PAZ;66;4,86;0;0;0;;;0;;PAZOS DE BORBEN;PZO;PAZOS DE BORBEN 220
R1-002;Pontevedra;Pazos de Borbén;38882,5;4694151,55;PAZ;132;3,29;0;0;0;;;0;;PAZOS DE BORBEN;PZO;PAZOS DE BORBEN 220
R1-002;Pontevedra;Ponte Caldelas;42571,55;4705445,49;2920200023;20;0;0;12,76;0;;;0;;PONTECALDELAS;PTC;PAZOS DE BORBEN 220
R1-002;Pontevedra;Ponte Caldelas;42571,55;4705445,49;2920200023;66;1,13;0;0;0;;;0;;PONTECALDELAS;PTC;PAZOS DE BORBEN 220
R1-002;Pontevedra;Ponteareas;45322,46;4684996,29;2920200024;20;0;0;36,62;0;;;0;;PONTEAREAS;PTA;FRIEIRA 220
R1-002;Pontevedra;Ponteareas;45322,46;4684996,29;2920200024;132;3,58;0;0;0;;;0;;PONTEAREAS;PTA;FRIEIRA 220
R1-002;Pontevedra;Pontevedra;33865,68;4711681,62;LOU;20;0;0;84,8;5;;;0;;LOURIZAN;LOZ;LOURIZAN 220
R1-002;Pontevedra;Pontevedra;33865,68;4711681,62;LOU;66;1,02;0;0;0;;;0;;LOURIZAN;LOZ;LOURIZAN 220
R1-002;Pontevedra;Pontevedra;37672,05;4713757,4;2920200007;20;0;0;63,78;0;;;0;;MOURENTE;MUR;TIBO 220
R1-002;Pontevedra;Pontevedra;37672,05;4713757,4;2920200007;66;1,44;0;0;0;;;0;;MOURENTE;MUR;TIBO 220
R1-002;Pontevedra;Pontevedra;37624,15;4703923,2;2920200002;20;0;0;22,7;2,84;;;0;;PONTESAMPAIO;PSY;PAZOS DE BORBEN 220
R1-002;Pontevedra;Pontevedra;37624,15;4703923,2;2920200002;66;1,14;0;0;0;;;0;;PONTESAMPAIO;PSY;PAZOS DE BORBEN 220
R1-002;Pontevedra;Redondela;36327,98;4696735,15;2920200017;15;0;0;40,46;20;;;0;;REDONDELA;RED;PAZOS DE BORBEN 220
R1-002;Pontevedra;Redondela;36327,98;4696735,15;2920200017;66;0,79;0;0;0;;;0;;REDONDELA;RED;PAZOS DE BORBEN 220
R1-002;Pontevedra;Salvaterra de Miño;47939,58;4674203,02;2920200019;20;0;0;56,44;0;;;0;;SALVATERRA;SAL;ATIOS 220
R1-002;Pontevedra;Salvaterra de Miño;47939,58;4674203,02;2920200019;132;3,61;0;25;0;;;0;;SALVATERRA;SAL;ATIOS 220
R1-002;Pontevedra;Sanxenxo;22513,15;4714584,49;2920420292;20;0;0;14,26;8,4;;;0;;SANXENXO;SAX;LOURIZAN 220
R1-002;Pontevedra;Sanxenxo;22513,15;4714584,49;2920420292;66;0,31;0;0;0;;;0;;SANXENXO;SAX;LOURIZAN 220
R1-002;Pontevedra;Sanxenxo;20207,23;4715472,41;2920200011;20;0;0;39,79;1,52;;;0;;VILLALONGA;VLG;LOURIZAN 220
R1-002;Pontevedra;Sanxenxo;20207,23;4715472,41;2920200011;66;0,32;0;0;5;;;0;;VILLALONGA;VLG;LOURIZAN 220
R1-002;Pontevedra;Silleda;62262,21;4749107,58;2920420255;20;0;0;12,39;0;;;0;;PAIZAS;PAI;PORTODEMOUROS 220
R1-002;Pontevedra;Silleda;62262,21;4749107,58;2920420255;66;5,26;0;8;0;;;0;;PAIZAS;PAI;PORTODEMOUROS 220
R1-002;Pontevedra;Tui;31667,06;4671445,74;2920320002;20;0;0;32,9;0,95;;;0;;TUI;TUI;ATIOS 220
R1-002;Pontevedra;Tui;31667,06;4671445,74;2920320002;132;3,23;0;0;0;;;0;;TUI;TUI;ATIOS 220
R1-002;Pontevedra;Vigo;26462,8;4689111,56;2920200003;15;0;0;113,17;0;;;0;;BALAIDOS;BAL;ATIOS 220
R1-002;Pontevedra;Vigo;26462,8;4689111,56;2920200003;132;2,57;0;0;0;;;0;;BALAIDOS;BAL;ATIOS 220
R1-002;Pontevedra;Vigo;27413,21;4691734,9;2920420191;15;0;0;57,6;0,62;;;0;;EL CASTRO;CAT;PAZOS DE BORBEN 220
R1-002;Pontevedra;Vigo;27413,21;4691734,9;2920420191;132;2,39;0;0;0;;;0;;EL CASTRO;CAT;PAZOS DE BORBEN 220
R1-002;Pontevedra;Vigo;29485,03;4688961,52;2920200018;15;0;0;58,54;20,68;;;0;;SARDOMA;SDM;PAZOS DE BORBEN 220
R1-002;Pontevedra;Vigo;29485,03;4688961,52;2920200018;132;3,75;0;0;0;;;0;;SARDOMA;SDM;PAZOS DE BORBEN 220
R1-002;Pontevedra;Vigo;30108,29;4692632,77;2920200001;15;0;0;69;0,56;;;0;;TRONCAL;TRO;PAZOS DE BORBEN 220
R1-002;Pontevedra;Vigo;30108,29;4692632,77;2920200001;132;3,23;0;0;0;;;0;;TRONCAL;TRO;PAZOS DE BORBEN 220
R1-002;Pontevedra;Vigo;28419,06;4685016,98;2920420145;15;0;0;72,55;0;;;0;;VALLADARES;VAA;ATIOS 220
R1-002;Pontevedra;Vigo;28419,06;4685016,98;2920420145;132;2,8;0;0,04;0;;;0;;VALLADARES;VAA;ATIOS 220
R1-002;Pontevedra;Vila de Cruces;75949,52;4757644,97;PDM;15;0;0;18;0;;;0;;PORTODEMOUROS;POR;PORTODEMOUROS 220
R1-002;Pontevedra;Vila de Cruces;75949,52;4757644,97;PDM;66;7,28;0;28;0;;;0;;PORTODEMOUROS;POR;PORTODEMOUROS 220
R1-002;Pontevedra;Vilagarcía de Arousa;28403,67;4731978,34;2920420129;20;0;0;71,57;10;;;0;;VILAGARCIA DE AROUSA;VAR;TIBO 220
R1-002;Pontevedra;Vilagarcía de Arousa;28403,67;4731978,34;2920420129;66;0,88;0;0;0;;;0;;VILAGARCIA DE AROUSA;VAR;TIBO 220
R1-002;Segovia;Arcones;439187,71;4554336,73;3020410893;15;0;0;2,93;0;;;0;;PRADENA;PRA;LASTRAS 400
R1-002;Segovia;Arcones;439187,71;4554336,73;3020410893;45;0;0;0;0;;;0;;PRADENA;PRA;LASTRAS 400
R1-002;Segovia;Bernardos;388105,26;4556201,63;3020300105;15;0;0;23,48;0;;;0;;PUENTE DE PIEDRA;PPI;LASTRAS 400
R1-002;Segovia;Bernardos;388105,26;4556201,63;3020300105;45;0,49;0;0;0;;;0;;PUENTE DE PIEDRA;PPI;LASTRAS 400
R1-002;Segovia;Bernardos;388105,26;4556201,63;3020300105;132;0;0;0;0;;;0;;PUENTE DE PIEDRA;PPI;LASTRAS 400
R1-002;Segovia;Boceguillas;446764;4576573,64;3020100013;15;0;0;8,99;0;;;0;;BOCEGUILLAS;BOG;LASTRAS 400
R1-002;Segovia;Boceguillas;446764;4576573,64;3020100013;45;0;0;0;0;;;0;;BOCEGUILLAS;BOG;LASTRAS 400
R1-002;Segovia;Campo de San Pedro;454027,47;4586882,26;3020100015;15;0;0;2,48;0;;;0;;CAMPO DE SAN PEDRO;CSP;LASTRAS 400
R1-002;Segovia;Campo de San Pedro;454027,47;4586882,26;3020100015;45;0;0;0;0;;;0;;CAMPO DE SAN PEDRO;CSP;LASTRAS 400
R1-002;Segovia;Cantalejo;423988,67;4568149,52;3020100016;15;0,04;0;10,97;0;;;0;;CANTALEJO;CJO;LASTRAS 400
R1-002;Segovia;Cantalejo;423988,67;4568149,52;3020100016;45;1,11;0;0;0;;;0;;CANTALEJO;CJO;LASTRAS 400
R1-002;Segovia;Cantalejo;423988,67;4568149,52;3020100016;132;0;0;0,23;0;;;0;;CANTALEJO;CJO;LASTRAS 400
R1-002;Segovia;Carrascal del Río;425842,95;4576589,15;3020300102;15;0;0;3,3;0;;;0;;C.H.BURGOMILLODO;BUO;LASTRAS 400
R1-002;Segovia;Carrascal del Río;425842,95;4576589,15;3020300102;45;0;0;0;0;;;0;;C.H.BURGOMILLODO;BUO;LASTRAS 400
R1-002;Segovia;Cuéllar;390535,41;4583408,08;3020300103;15;0;0;14,89;2,89;;;0;;CUELLAR;CLL;LASTRAS 400
R1-002;Segovia;Cuéllar;390535,41;4583408,08;3020300103;45;0;0;0;0;;;0;;CUELLAR;CLL;LASTRAS 400
R1-002;Segovia;El Espinar;392782,89;4510961,28;3020100018;15;0;0;11,67;0;;;0;;CRISTO DEL CALOCO;CRI;LASTRAS 400
R1-002;Segovia;El Espinar;392782,89;4510961,28;3020100018;45;0;0;0;0;;;0;;CRISTO DEL CALOCO;CRI;LASTRAS 400
R1-002;Segovia;El Espinar;395893,72;4515008,58;3020100021;15;0,33;0;4,14;0;;;0;;LOS ANGELES DE S. RAFAEL;ARF;LASTRAS 400
R1-002;Segovia;El Espinar;395893,72;4515008,58;3020100021;45;0;0;0;0;;;0;;LOS ANGELES DE S. RAFAEL;ARF;LASTRAS 400
R1-002;Segovia;Escalona del Prado;406371,35;4556510,09;3020100020;15;0;0;10,58;0;;;0;;ESCALONA DEL PRADO;EDP;LASTRAS 400
R1-002;Segovia;Escalona del Prado;406371,35;4556510,09;3020100020;45;0;0;0;0;;;0;;ESCALONA DEL PRADO;EDP;LASTRAS 400
R1-002;Segovia;Fuentepelayo;401849;4563702;3020420415;45;0;0;0;2;;;0;;FUENTEPELAYO;FTP;LASTRAS 400
R1-002;Segovia;Lastras del Pozo;387173,15;4526405,68;LST;15;0;0;3,47;5;;;0;;LASTRAS DEL POZO;LAS;LASTRAS 400
R1-002;Segovia;Lastras del Pozo;387173,15;4526405,68;LST;45;1,34;0;0;0;;;0;;LASTRAS DEL POZO;LAS;LASTRAS 400
R1-002;Segovia;Lastras del Pozo;387173,15;4526405,68;LST;132;2,08;0;0;0;;;0;;LASTRAS DEL POZO;LAS;LASTRAS 400
R1-002;Segovia;Nava de la Asunción;374215,51;4557102,69;3020300104;15;0;0;18,54;0;;;0;;NAVA DE LA ASUNCION;NAS;LASTRAS 400
R1-002;Segovia;Nava de la Asunción;374215,51;4557102,69;3020300104;45;0;0;0;0;;;0;;NAVA DE LA ASUNCION;NAS;LASTRAS 400
R1-002;Segovia;Otero de Herreros;398191,47;4518616,25;3020100023;15;0;0;6,46;0;;;0;;OTERO DE HERREROS;OTE;LASTRAS 400
R1-002;Segovia;Otero de Herreros;398191,47;4518616,25;3020100023;45;0;0;0;0;;;0;;OTERO DE HERREROS;OTE;LASTRAS 400
R1-002;Segovia;Real Sitio de San Ildefonso;415223,86;4528706,78;3020100026;15;0;0;7,54;0;;;0;;SAN ILDEFONSO;ILD;LASTRAS 400
R1-002;Segovia;Real Sitio de San Ildefonso;415223,86;4528706,78;3020100026;45;0;0;0;0;;;0;;SAN ILDEFONSO;ILD;LASTRAS 400
R1-002;Segovia;Riaza;458576,49;4569316,2;3020100025;15;0;0;10,57;3,2;;;0;;RIAZA;RIZ;LASTRAS 400
R1-002;Segovia;Riaza;458576,49;4569316,2;3020100025;45;0;0;0;0;;;0;;RIAZA;RIZ;LASTRAS 400
R1-002;Segovia;San Martín y Mudrián;386890,83;4561999,2;3020410188;45;0;0;5,47;4,7;;;0;;DIGESNOR;DIG;LASTRAS 400
R1-002;Segovia;Sanchonuño;390232,45;4575542,42;3020410254;15;0;0;27,82;0;;;0;;SANCHONUÑO;SCH;LASTRAS 400
R1-002;Segovia;Sanchonuño;390232,45;4575542,42;3020410254;45;0;0;0;0;;;0;;SANCHONUÑO;SCH;LASTRAS 400
R1-002;Segovia;Segovia;406915,84;4533831,11;3020100038;15;0;0;44,2;9,28;;;0;;BATANES;BAT;LASTRAS 400
R1-002;Segovia;Segovia;406915,84;4533831,11;3020100038;45;0;0;0;0;;;0;;BATANES;BAT;LASTRAS 400
R1-002;Segovia;Segovia;406092,15;4531049,72;3020100017;15;0;0;47,96;0;;;0;;CERRO DE LA HORCA;CDH;LASTRAS 400
R1-002;Segovia;Segovia;406092,15;4531049,72;3020100017;45;0;0;0;0;;;0;;CERRO DE LA HORCA;CDH;LASTRAS 400
R1-002;Segovia;Segovia;408869,71;4532080,83;3020410542;15;0;0;11,37;0;;;0;;PALAZUELOS;PZL;LASTRAS 400
R1-002;Segovia;Segovia;408869,71;4532080,83;3020410542;45;1,16;0;0;0;;;0;;PALAZUELOS;PZL;LASTRAS 400
R1-002;Segovia;Segovia;408869,71;4532080,83;3020410542;132;0;0;0;0;;;0;;PALAZUELOS;PZL;LASTRAS 400
R1-002;Segovia;Segovia;402777,85;4531102,69;3020410005;45;1,28;0;0;0;;;0;;PEROGORDO;PGD;LASTRAS 400
R1-002;Segovia;Segovia;402777,85;4531102,69;3020410005;132;0;0;0;0;;;0;;PEROGORDO;PGD;LASTRAS 400
R1-002;Segovia;Turégano;415967,68;4556650,74;3020300106;15;0;0;6,71;0;;;0;;TUREGANO;TUR;LASTRAS 400
R1-002;Segovia;Turégano;415967,68;4556650,74;3020300106;45;0;0;0;0;;;0;;TUREGANO;TUR;LASTRAS 400
R1-002;Segovia;Valverde del Majano;399178,32;4534734,65;3020100028;15;0;0;22,26;1,8;;;0;;VALVERDE DEL MAJANO;VMJ;LASTRAS 400
R1-002;Segovia;Valverde del Majano;399178,32;4534734,65;3020100028;45;0;0;10;0;;;0;;VALVERDE DEL MAJANO;VMJ;LASTRAS 400
R1-002;Segovia;Villacastín;380001,08;4515542,37;3020420361;15;0;0;12,98;0;;;0;;VILLACASTIN;VCS;LASTRAS 400
R1-002;Segovia;Villacastín;380001,08;4515542,37;3020420361;45;0;0;4,44;0;;;0;;VILLACASTIN;VCS;LASTRAS 400
R1-002;Soria;Arcos de Jalón;559710,71;4562277,86;3020300119;15;0;0;6,37;1,25;;;0;;ARCOS DEL JALON;ARJ;FUENTES DE LA ALCARRIA 400
R1-002;Soria;Arcos de Jalón;559710,71;4562277,86;3020300119;66;0;0;0;0;;;0;;ARCOS DEL JALON;ARJ;FUENTES DE LA ALCARRIA 400
R1-002;Toledo;Añover de Tajo;435447,82;4425835,94;3020100164;15;0;0;17,97;1,61;;;0;;AÑOVER DEL TAJO;AVR;ACECA 220
R1-002;Toledo;Añover de Tajo;435447,82;4425835,94;3020100164;45;0;0;9,3;0;;;0;;AÑOVER DEL TAJO;AVR;ACECA 220
R1-002;Toledo;Añover de Tajo;435447,82;4425835,94;3020100164;132;0;0;0;0;;;0;;AÑOVER DEL TAJO;AVR;ACECA 220
R1-002;Toledo;Arcicóllar;404589,83;4435883,88;3020410806;15;0;0;13,91;0;;;0;;ARCICOLLAR;ARC;ACECA 220
R1-002;Toledo;Arcicóllar;404589,83;4435883,88;3020410806;45;0;0;0,31;0;;;0;;ARCICOLLAR;ARC;ACECA 220
R1-002;Toledo;Chozas de Canales;413017,45;4440990,43;3020410319;15;0;0;13,95;0;;;0;;CHOZAS DE CANALES;CHO;ACECA 220
R1-002;Toledo;Chozas de Canales;413017,45;4440990,43;3020410319;45;0;0;0;0;;;0;;CHOZAS DE CANALES;CHO;ACECA 220
R1-002;Toledo;Corral de Almaguer;484640,49;4401297,18;3020300124;15;0;0;12,55;1,88;;;0;;CORRAL DE ALMAGUER;CRR;MADRIDEJOS 220
R1-002;Toledo;Corral de Almaguer;484640,49;4401297,18;3020300124;45;0;0;0;0;;;0;;CORRAL DE ALMAGUER;CRR;MADRIDEJOS 220
R1-002;Toledo;El Carpio de Tajo;373878,56;4412607,45;3020100173;132;0;0;35,5;0;;;0;;C.H.CASTREJON;CTJ;ACECA 220
R1-002;Toledo;Escalona;380143,22;4447164,15;3020300120;15;0;0;16,07;0;;;0;;ESCALONA DEL ALBERCHE;ESC;ACECA 220
R1-002;Toledo;Escalona;380143,22;4447164,15;3020300120;45;0;0;0;0;;;0;;ESCALONA DEL ALBERCHE;ESC;ACECA 220
R1-002;Toledo;Escalona;384242,64;4445358,34;3020410829;45;0;0;0;0;;;0;;FRASCOLINOS;FSR;ACECA 220
R1-002;Toledo;Escalona;384242,64;4445358,34;3020410829;132;0;0;0;0;;;0;;FRASCOLINOS;FSR;ACECA 220
R1-002;Toledo;Fuensalida;395841,76;4434975,22;3020300121;15;0;0;49,24;0;;;0;;FUENSALIDA;FUS;ACECA 220
R1-002;Toledo;Fuensalida;395841,76;4434975,22;3020300121;45;0;0;0;0;;;0;;FUENSALIDA;FUS;ACECA 220
R1-002;Toledo;Illescas;426235,88;4439267,89;3020100142;15;0;0;71,86;7,55;;;0;;ILLESCAS;ILC;LOS PRADILLOS 220
R1-002;Toledo;Illescas;426235,88;4439267,89;3020100142;132;0;0;0;0;;;0;;ILLESCAS;ILC;LOS PRADILLOS 220
R1-002;Toledo;Illescas;429923,26;4445815,63;3020100402;15;0;0;41,02;0;;;0;;ILLESCAS II;IL2;LOS PRADILLOS 220
R1-002;Toledo;Illescas;429923,26;4445815,63;3020100402;45;0;0;0;0;;;0;;ILLESCAS II;IL2;LOS PRADILLOS 220
R1-002;Toledo;Illescas;429923,26;4445815,63;3020100402;132;0;0;0;0;;;0;;ILLESCAS II;IL2;LOS PRADILLOS 220
R1-002;Toledo;Illescas;430152,35;4442770,55;PDL;15;0;0;146,43;0;;;0;;PRADILLOS;PRL;LOS PRADILLOS 220
R1-002;Toledo;Illescas;430152,35;4442770,55;PDL;132;0;0;0;0;;;0;;PRADILLOS;PRL;LOS PRADILLOS 220
R1-002;Toledo;Los Yébenes;426533,81;4380882,29;3020300122;15;0;0;29,52;3;;;0;;LOS YEBENES;YEB;MADRIDEJOS 220
R1-002;Toledo;Los Yébenes;426533,81;4380882,29;3020300122;45;0;0;0;0;;;0;;LOS YEBENES;YEB;MADRIDEJOS 220
R1-002;Toledo;Los Yébenes;431028,04;4363450,68;3020100151;15;0;0;1,39;0;;;0;;URDA;URD;MADRIDEJOS 220
R1-002;Toledo;Los Yébenes;431028,04;4363450,68;3020100151;45;0;0;0;0;;;0;;URDA;URD;MADRIDEJOS 220
R1-002;Toledo;Madridejos;454336,1;4370994,01;MDD;15;0;0;38,48;6,2;;;0;;MADRIDEJOS;MAD;MADRIDEJOS 220
R1-002;Toledo;Madridejos;454336,1;4370994,01;MDD;45;0;0;0;0;;;0;;MADRIDEJOS;MAD;MADRIDEJOS 220
R1-002;Toledo;Madridejos;454336,1;4370994,01;MDD;132;0;0;0;0;;;0;;MADRIDEJOS;MAD;MADRIDEJOS 220
R1-002;Toledo;Mora;431531,36;4392114,03;3020100167;15;0;0;28,77;0;;;0;;MORA DE TOLEDO;MDT;MADRIDEJOS 220
R1-002;Toledo;Mora;431531,36;4392114,03;3020100167;45;0;0;0;0;;;0;;MORA DE TOLEDO;MDT;MADRIDEJOS 220
R1-002;Toledo;Mora;431531,36;4392114,03;3020100167;132;0;0;0;0;;;0;;MORA DE TOLEDO;MDT;MADRIDEJOS 220
R1-002;Toledo;Noblejas;461594;4425249,95;3020410452;45;0;0;2,7;4,25;;;0;;CARBONERA-C.SECCIONAMIENTO;CRA;VALDEMORO 220
R1-002;Toledo;Noblejas;464374,11;4425170;3020410491;15;0;0;28,8;0;;;0;;NOBLEJAS;NOB;VALDEMORO 220
R1-002;Toledo;Noblejas;464374,11;4425170;3020410491;45;0;0;0;0;;;0;;NOBLEJAS;NOB;VALDEMORO 220
R1-002;Toledo;Ocaña;458280,51;4423746,32;3020100154;15;0;0;55,02;1;;;0;;OCAÑA;OCA;VALDEMORO 220
R1-002;Toledo;Ocaña;458280,51;4423746,32;3020100154;45;0;0;0;0;;;0;;OCAÑA;OCA;VALDEMORO 220
R1-002;Toledo;Pantoja;429596,71;4431593,14;3020300123;15;0;0;49,68;0;;;0;;PANTOJA;PAN;ACECA 220
R1-002;Toledo;Pantoja;429596,71;4431593,14;3020300123;45;0;0;0;0;;;0;;PANTOJA;PAN;ACECA 220
R1-002;Toledo;Recas;416860,53;4433521,93;3020410090;15;0;0;18,05;0;;;0;;RECAS 2;RE2;LOS PRADILLOS 220
R1-002;Toledo;Recas;416860,53;4433521,93;3020410090;45;0;0;33,18;0;;;0;;RECAS 2;RE2;LOS PRADILLOS 220
R1-002;Toledo;Recas;416860,53;4433521,93;3020410090;132;0;0;0;0;;;0;;RECAS 2;RE2;LOS PRADILLOS 220
R1-002;Toledo;Santa Cruz de la Zarza;483742,39;4426715,82;3020410920;15;0;0;0;0;;;0;;SANTA CRUZ DE LA ZARZA;SCZ;VALDEMORO 220
R1-002;Toledo;Santa Cruz de la Zarza;483742,39;4426715,82;3020410920;45;0;0;3,06;0;;;0;;SANTA CRUZ DE LA ZARZA;SCZ;VALDEMORO 220
R1-002;Toledo;Seseña;442355,53;4440427,42;3020100178;15;0;0;49,09;0;;;0;;SESEÑA;SES;VALDEMORO 220
R1-002;Toledo;Seseña;442355,53;4440427,42;3020100178;45;0;0;0;0;;;0;;SESEÑA;SES;VALDEMORO 220
R1-002;Toledo;Valmojado;406678,04;4452174,41;3020100176;15;0;0;64,22;0;;;0;;VALMOJADO;VJA;ACECA 220
R1-002;Toledo;Valmojado;406678,04;4452174,41;3020100176;45;0;0;0;0;;;0;;VALMOJADO;VJA;ACECA 220
R1-002;Toledo;Villacañas;466404,83;4388764,3;3020410233;15;0;0;5,83;6,76;;;0;;COLECTORA P.E. SIERRA DEL ROMERAL;PSR;MADRIDEJOS 220
R1-002;Toledo;Villacañas;466404,83;4388764,3;3020410233;132;0;0;0;0;;;0;;COLECTORA P.E. SIERRA DEL ROMERAL;PSR;MADRIDEJOS 220
R1-002;Toledo;Villacañas;470476,76;4385161,03;3020100152;15;0;0;40,99;0;;;0;;VILLACAÑAS;VIC;MADRIDEJOS 220
R1-002;Toledo;Villacañas;470476,76;4385161,03;3020100152;45;0;0;0;0;;;0;;VILLACAÑAS;VIC;MADRIDEJOS 220
R1-002;Toledo;Villacañas;470476,76;4385161,03;3020100152;132;0;0;0;0;;;0;;VILLACAÑAS;VIC;MADRIDEJOS 220
R1-002;Toledo;Villafranca de los Caballeros;468271,46;4363397,79;3020410255;15;0;0;27,56;0;;;0;;VILLAFRANCA DE LOS CABALLEROS;VFC;MADRIDEJOS 220
R1-002;Toledo;Villafranca de los Caballeros;468271,46;4363397,79;3020410255;45;0;0;0;0;;;0;;VILLAFRANCA DE LOS CABALLEROS;VFC;MADRIDEJOS 220
R1-002;Toledo;Villarrubia de Santiago;468475,15;4427872,56;3020410327;45;0;0;0;0;;;0;;LA PLATA;LPT;VALDEMORO 220
R1-002;Toledo;Villarrubia de Santiago;468475,15;4427872,56;3020410327;132;0;0;0;0;;;0;;LA PLATA;LPT;VALDEMORO 220
R1-002;Toledo;Villarrubia de Santiago;467984,72;4426008,01;3020100156;15;0;0;12,23;0;;;0;;VILLARRUBIA DE SANTIAGO;VRS;VALDEMORO 220
R1-002;Toledo;Villarrubia de Santiago;467984,72;4426008,01;3020100156;45;0;0;0;0;;;0;;VILLARRUBIA DE SANTIAGO;VRS;VALDEMORO 220
R1-002;Toledo;Villaseca de la Sagra;426718,77;4421677,11;ACE;132;0;0;60;0;;;0;;C.T. ACECA;ACE;ACECA 220
R1-002;Toledo;Villasequilla;436277,37;4416672,25;3020410483;15;0;0;3,58;0;;;0;;VILLASEQUILLA;VLS;MADRIDEJOS 220
R1-002;Toledo;Villasequilla;436277,37;4416672,25;3020410483;45;0;0;1,99;0;;;0;;VILLASEQUILLA;VLS;MADRIDEJOS 220
R1-002;Toledo;Villasequilla;436277,37;4416672,25;3020410483;132;0;0;0;0;;;0;;VILLASEQUILLA;VLS;MADRIDEJOS 220
R1-002;Toledo;Yeles;432702,29;4441860,71;3020410171;15;0;0;35,91;0,98;;;0;;YELES II;YE2;VALDEMORO 220
R1-002;Toledo;Yeles;432702,29;4441860,71;3020410171;45;0;0;0;0;;;0;;YELES II;YE2;VALDEMORO 220
R1-002;Toledo;Yepes;447070,4;4416268,36;3020410346;15;0;0;5,15;0;;;0;;YEPES;YPS;VALDEMORO 220
R1-002;Toledo;Yepes;447070,4;4416268,36;3020410346;45;0;0;0;0;;;0;;YEPES;YPS;VALDEMORO 220
R1-002;Zamora;Cobreros;197049,55;4662902,57;3020100039;15;0;0;13,18;0;;;0;;COBREROS;COB;SAN AGUSTIN 220
R1-002;Zamora;Vega de Tera;237921,29;4655964,98;3020300107;15;0;0;8,35;0;;;0;;MILLA DE TERA;MIL;COMPOSTILLA 400
R1-002;Zamora;Vega de Tera;237921,29;4655964,98;3020300107;45;1,41;0;0;0;;;0;;MILLA DE TERA;MIL;COMPOSTILLA 400
